postcode,lat,lng
0200,-35.2777,149.119
0800,-12.4587,130.8367
0801,-12.4587,130.8367
0803,-12.434,130.7459
0804,-12.428,130.8733
0810,-12.3818,130.8662
0811,-12.3818,130.8662
0812,-12.3912,130.8905
0813,-12.4048,130.9161
0814,-12.3818,130.8662
0815,-12.3718,130.869
0820,-12.428,130.8733
0821,-13.6433,136.9471
0822,-11.7584,130.6254
0828,-12.432,130.9321
0829,-12.4576,130.9598
0830,-12.5214,130.9581
0831,-12.4751,130.9749
0832,-12.4968,130.9937
0834,-12.5469,131.0235
0835,-12.5231,131.0415
0836,-12.5255,131.0962
0837,-12.7048,131.0166
0838,-12.7188,131.0067
0839,-12.52,131.0402
0840,-12.7245,130.3529
0841,-12.8192,130.9699
0845,-13.0451,131.0385
0846,-13.2103,131.095
0847,-14.0121,131.7592
0850,-14.4637,132.1721
0851,-15.7114,137.0507
0852,-16.4526,130.8419
0853,-14.5311,132.3791
0854,-16.5038,136.4242
0860,-19.6413,134.1736
0861,-18.8746,134.5005
0862,-18.2515,134.4632
0870,-23.7023,133.8631
0871,-21.9495,131.2988
0872,-21.9495,131.2988
0873,-23.7447,133.905
0874,-23.6469,133.8648
0875,-23.7135,133.8354
0880,-12.5056,135.7954
0881,-11.6704,136.8249
0885,-13.8508,136.4201
0886,-13.1312,132.5634
0906,-13.6433,136.9471
0907,-13.6433,136.9471
0909,-12.3718,130.869
1001,-33.7949,151.2681
1002,-33.7949,151.2681
1003,-33.7949,151.2681
1004,-33.7949,151.2681
1005,-33.7949,151.2681
1006,-33.7949,151.2681
1007,-33.7949,151.2681
1008,-33.7949,151.2681
1009,-33.7949,151.2681
1010,-33.7949,151.2681
1020,-33.7949,151.2681
1021,-33.7949,151.2681
1022,-33.7949,151.2681
1023,-33.7949,151.2681
1025,-33.7949,151.2681
1026,-33.7949,151.2681
1027,-33.7949,151.2681
1028,-33.7949,151.2681
1029,-33.7949,151.2681
1030,-33.7949,151.2681
1031,-33.7949,151.2681
1032,-33.6628,150.8742
1033,-33.7949,151.2681
1034,-33.7949,151.2681
1035,-33.7949,151.2681
1036,-33.7949,151.2681
1037,-33.7949,151.2681
1038,-33.7949,151.2681
1039,-33.7949,151.2681
1040,-33.7949,151.2681
1041,-33.7949,151.2681
1042,-33.7949,151.2681
1043,-33.7949,151.2681
1044,-33.7949,151.2681
1045,-33.7949,151.2681
1046,-33.7949,151.2681
1100,-33.7949,151.2681
1101,-33.7949,151.2681
1105,-33.7949,151.2681
1106,-33.7949,151.2681
1107,-33.7949,151.2681
1108,-33.7949,151.2681
1109,-33.7949,151.2681
1110,-33.7949,151.2681
1112,-33.7949,151.2681
1113,-33.7949,151.2681
1114,-33.7949,151.2681
1115,-33.7949,151.2681
1116,-33.6667,150.8661
1117,-33.6646,150.8702
1118,-33.7949,151.2681
1119,-33.7949,151.2681
1120,-33.7949,151.2681
1121,-33.7949,151.2681
1122,-33.7949,151.2681
1123,-33.7949,151.2681
1124,-33.7949,151.2681
1125,-33.7949,151.2681
1126,-33.7949,151.2681
1127,-33.7949,151.2681
1128,-33.7949,151.2681
1129,-33.7949,151.2681
1130,-33.7949,151.2681
1131,-33.7949,151.2681
1132,-33.6628,150.8743
1133,-33.7949,151.2681
1134,-33.7949,151.2681
1135,-33.7949,151.2681
1136,-33.7949,151.2681
1137,-33.7949,151.2681
1138,-33.7949,151.2681
1139,-33.7949,151.2681
1140,-33.7949,151.2681
1141,-33.7949,151.2681
1142,-33.7949,151.2681
1143,-33.7949,151.2681
1144,-33.7949,151.2681
1145,-33.7949,151.2681
1146,-33.7949,151.2681
1147,-33.7949,151.2681
1148,-33.7949,151.2681
1149,-33.7949,151.2681
1150,-33.7949,151.2681
1151,-33.7949,151.2681
1152,-33.7949,151.2681
1153,-33.7949,151.2681
1154,-33.7949,151.2681
1155,-33.7949,151.2681
1156,-33.7949,151.2681
1157,-33.7949,151.2681
1158,-33.7949,151.2681
1159,-33.7949,151.2681
1160,-33.7949,151.2681
1161,-33.7949,151.2681
1162,-33.7949,151.2681
1163,-33.7949,151.2681
1164,-33.7949,151.2681
1165,-33.7949,151.2681
1166,-33.7949,151.2681
1167,-33.7949,151.2681
1168,-33.7949,151.2681
1169,-33.7949,151.2681
1170,-33.7949,151.2681
1171,-33.7949,151.2681
1172,-33.7949,151.2681
1173,-33.7949,151.2681
1174,-33.7949,151.2681
1175,-33.7949,151.2681
1176,-33.7949,151.2681
1177,-33.7949,151.2681
1178,-33.7949,151.2681
1179,-33.7949,151.2681
1180,-33.7949,151.2681
1181,-33.7949,151.2681
1182,-33.7949,151.2681
1183,-33.7949,151.2681
1184,-33.7949,151.2681
1185,-33.7949,151.2681
1186,-33.7949,151.2681
1187,-33.7949,151.2681
1188,-33.7949,151.2681
1189,-33.7949,151.2681
1190,-33.7949,151.2681
1191,-33.7949,151.2681
1192,-34.7907,147.6853
1193,-33.7949,151.2681
1194,-33.7949,151.2681
1195,-33.7949,151.2681
1196,-33.7949,151.2681
1197,-33.7949,151.2681
1198,-33.7949,151.2681
1199,-33.7949,151.2681
1201,-33.7949,151.2681
1202,-33.7949,151.2681
1203,-33.7949,151.2681
1205,-33.7949,151.2681
1207,-33.7949,151.2681
1208,-29.8165,151.6595
1209,-33.8918,151.1763
1210,-33.8918,151.1763
1211,-33.8918,151.1763
1212,-33.8918,151.1763
1213,-33.8918,151.1763
1214,-33.8918,151.1763
1215,-33.8918,151.1763
1216,-33.7413,151.034
1217,-33.7413,151.034
1218,-33.7413,151.034
1219,-33.7413,151.034
1220,-33.7413,151.034
1221,-33.8653,151.2079
1222,-33.8653,151.2079
1223,-33.8653,151.2079
1224,-33.8653,151.2079
1225,-33.8653,151.2079
1226,-33.8717,151.2067
1227,-33.8717,151.2067
1228,-33.8717,151.2067
1229,-33.8717,151.2067
1230,-33.8717,151.2067
1231,-33.8156,151.0425
1232,-33.8156,151.0425
1233,-33.8156,151.0425
1234,-33.8156,151.0425
1235,-33.8156,151.0425
1236,-29.8165,151.6595
1237,-29.8165,151.6595
1238,-29.8165,151.6595
1239,-29.8165,151.6595
1240,-29.8165,151.6595
1291,-33.7949,151.2681
1292,-33.7949,151.2681
1293,-33.7949,151.2681
1294,-33.7949,151.2681
1295,-33.7949,151.2681
1296,-33.7949,151.2681
1297,-33.7949,151.2681
1298,-33.7949,151.2681
1299,-33.7949,151.2681
1300,-33.8773,151.2209
1314,-33.9508,151.21
1335,-33.8227,151.1176
1340,-35.5377,148.021
1350,-33.8887,151.2405
1355,-33.8937,151.2625
1360,-33.8758,151.2419
1401,-33.8842,151.1998
1405,-33.8919,151.0477
1419,-34.0641,151.094
1420,-33.7261,150.9318
1422,-33.7261,150.9318
1423,-33.7261,150.9318
1424,-33.7261,150.9318
1425,-33.7261,150.9318
1426,-33.7261,150.9318
1427,-33.7261,150.9318
1428,-33.7261,150.9318
1429,-33.7261,150.9318
1430,-33.8902,151.1995
1435,-33.7118,151.1082
1440,-33.9028,151.0579
1441,-33.9028,151.0579
1445,-34.0831,151.0077
1450,-30.3058,153.1368
1455,-33.9471,151.1976
1460,-33.9267,151.2108
1465,-33.8885,151.1407
1466,-33.9066,151.2344
1470,-33.843,151.152
1475,-33.9091,151.1533
1476,-33.9091,151.1533
1480,-33.9359,151.1
1481,-33.9646,151.101
1484,-33.9386,151.101
1485,-33.9744,151.1403
1490,-34.0359,151.1072
1493,-33.9759,151.0889
1495,-34.0469,151.1239
1499,-34.0157,151.0622
1515,-33.8246,151.2073
1560,-33.8126,151.2148
1565,-33.8654,151.1931
1570,-33.8081,151.1927
1585,-33.8346,151.2009
1590,-33.292,151.4687
1595,-33.7919,151.188
1597,-33.7919,151.188
1602,-33.8148,151.166
1630,-33.7077,151.0998
1635,-33.7046,151.101
1639,-33.7931,151.2468
1640,-33.7931,151.2468
1655,-33.3298,151.5051
1658,-33.6988,151.2168
1660,-33.6988,151.2168
1670,-33.7932,151.12
1675,-33.833,151.1397
1680,-33.7615,151.1378
1685,-33.8041,151.0906
1700,-33.9503,151.207
1710,-33.7842,151.1167
1715,-33.7584,151.0491
1730,-33.7603,150.9669
1740,-33.8862,151.1395
1741,-33.8862,151.1395
1750,-33.8571,151.0231
1755,-33.7672,150.9682
1765,-33.7359,151.0305
1771,-33.7584,151.0491
1781,-33.7779,150.932
1790,-33.859,151.1955
1800,-33.8876,151.124
1805,-33.8916,151.1008
1811,-33.8233,151.0514
1819,-33.8771,151.0933
1825,-33.8725,151.0448
1830,-33.8593,150.9486
1831,-33.8593,150.9486
1835,-33.8839,151.0238
1851,-33.8498,150.911
1860,-33.8505,150.9611
1871,-33.8883,151.1036
1874,-33.9357,150.9413
1875,-33.9357,150.9413
1885,-33.9074,151.0246
1888,-33.9074,151.0246
1890,-33.96,150.8021
1891,-33.9322,151.0002
2000,-33.8605,151.2016
2001,-33.7949,151.2681
2002,-33.8771,151.2069
2004,-33.908,151.19
2006,-33.8892,151.1865
2007,-33.8832,151.1967
2008,-33.8911,151.1939
2009,-33.8712,151.1931
2010,-33.8841,151.2123
2011,-33.8736,151.2216
2012,-33.7261,150.9318
2013,-33.7261,150.9318
2015,-33.9101,151.1948
2016,-33.8949,151.2062
2017,-33.9039,151.2063
2018,-33.9233,151.2027
2019,-33.9469,151.2073
2020,-33.9362,151.1768
2021,-33.8957,151.2272
2022,-33.8964,151.245
2023,-33.8847,151.2559
2024,-33.9044,151.2594
2025,-33.8887,151.2405
2026,-33.891,151.269
2027,-33.869,151.2505
2028,-33.8784,151.241
2029,-33.8757,151.267
2030,-33.8584,151.276
2031,-33.9148,151.2392
2032,-33.9303,151.2239
2033,-33.9114,151.2184
2034,-33.9291,151.2522
2035,-33.9456,151.2413
2036,-33.9696,151.2378
2037,-33.8802,151.1845
2038,-33.8816,151.1702
2039,-33.8672,151.1719
2040,-33.8788,151.1568
2041,-33.8586,151.1801
2042,-33.9006,151.1754
2043,-33.9035,151.1847
2044,-33.9207,151.1707
2045,-33.8793,151.1387
2046,-33.866,151.1339
2047,-33.8539,151.1657
2048,-33.8942,151.1656
2049,-33.8972,151.1509
2050,-33.8904,151.176
2052,-33.9066,151.2344
2055,-33.8028,151.1049
2057,-33.792,151.1899
2058,-31.2532,146.921
2059,-33.8028,151.1049
2060,-33.8399,151.2046
2061,-33.8488,151.2124
2062,-33.8228,151.2125
2063,-33.8126,151.2148
2064,-33.8132,151.1838
2065,-33.8284,151.1922
2066,-33.8186,151.1609
2067,-33.7984,151.1771
2068,-33.8009,151.2027
2069,-33.7802,151.1954
2070,-33.7804,151.162
2071,-33.7554,151.1815
2072,-33.7546,151.1532
2073,-33.7573,151.1303
2074,-33.7352,151.1237
2075,-33.7237,151.1673
2076,-33.7233,151.1082
2077,-33.6919,151.0975
2079,-33.6666,151.1127
2080,-33.6582,151.1436
2081,-33.6198,151.1505
2082,-33.5462,151.1387
2083,-33.5253,151.1945
2084,-33.651,151.2169
2085,-33.7288,151.2117
2086,-33.7518,151.2292
2087,-33.7661,151.2105
2088,-33.8307,151.2434
2089,-33.8415,151.2228
2090,-33.8289,151.2231
2091,-33.8279,151.261
2092,-33.7966,151.2418
2093,-33.7931,151.2581
2094,-33.7952,151.2732
2095,-33.8155,151.2947
2096,-33.7768,151.2849
2097,-33.7396,151.2979
2099,-33.7489,151.28
2100,-33.7664,151.2578
2101,-33.7071,151.2711
2102,-33.6899,151.291
2103,-33.6793,151.3028
2104,-33.6649,151.2909
2105,-33.6422,151.2783
2106,-33.6607,151.3146
2107,-33.6348,151.3233
2108,-33.6038,151.3228
2109,-33.7716,151.1135
2110,-33.8361,151.1491
2111,-33.83,151.1245
2112,-33.8166,151.1084
2113,-33.7942,151.1302
2114,-33.811,151.0842
2115,-33.8131,151.0598
2116,-33.8144,151.0369
2117,-33.7971,151.0422
2118,-33.7756,151.0435
2119,-33.7555,151.0642
2120,-33.7311,151.0736
2121,-33.7741,151.0799
2122,-33.7914,151.0921
2123,-33.8154,150.9996
2124,-33.8862,151.1395
2125,-33.7526,151.0318
2126,-33.7249,151.0439
2127,-33.8528,151.0762
2128,-33.8359,151.0476
2129,-33.8641,151.0696
2130,-33.8928,151.1359
2131,-33.8876,151.124
2132,-33.8824,151.1134
2133,-33.8988,151.1021
2134,-33.88,151.1018
2135,-33.881,151.0848
2136,-33.8929,151.0877
2137,-33.8575,151.1038
2138,-33.8461,151.086
2139,-33.836,151.0952
2140,-33.835,151.0709
2141,-33.8725,151.0448
2142,-33.8327,151.0152
2143,-33.8854,151.0219
2144,-33.8519,151.0268
2145,-33.7938,150.9752
2146,-33.7894,150.9595
2147,-33.7661,150.9358
2148,-33.7838,150.9005
2150,-33.8145,151.0065
2151,-33.7871,151.0125
2152,-33.7825,150.9964
2153,-33.7317,150.9559
2154,-33.7324,151.0009
2155,-33.7315,150.9311
2156,-33.657,150.9745
2157,-33.6022,150.9911
2158,-33.6903,151.0404
2159,-33.5391,151.0841
2160,-33.8359,150.9766
2161,-33.8583,150.9837
2162,-33.8835,151.0041
2163,-33.8872,150.9795
2164,-33.8442,150.875
2165,-33.8724,150.9475
2166,-33.8927,150.9294
2167,-33.9722,150.8904
2168,-33.9159,150.8753
2170,-33.9284,150.9214
2171,-33.9377,150.8487
2172,-33.9511,150.9174
2173,-34.0742,150.9196
2174,-33.9775,150.8567
2175,-33.845,150.8482
2176,-33.872,150.8853
2177,-33.8951,150.8794
2178,-33.8748,150.8382
2179,-33.9331,150.812
2190,-33.8919,151.0477
2191,-33.9068,151.0855
2192,-33.921,151.0897
2193,-33.9103,151.1209
2194,-33.9176,151.1018
2195,-33.9245,151.0769
2196,-33.9301,151.0578
2197,-33.9012,150.9982
2198,-33.9088,150.9863
2199,-33.9056,151.0232
2200,-33.9266,151.0149
2203,-33.9044,151.139
2204,-33.9123,151.1555
2205,-33.9376,151.148
2206,-33.9261,151.1229
2207,-33.9487,151.1195
2208,-33.9426,151.098
2209,-33.9491,151.0753
2210,-33.9577,151.0523
2211,-33.9614,151.0322
2212,-33.9473,151.0145
2213,-33.9641,150.9978
2214,-33.9414,150.9816
2216,-33.9554,151.1482
2217,-33.9744,151.1403
2218,-33.9732,151.1175
2219,-33.9966,151.1325
2220,-33.9667,151.1018
2221,-33.9922,151.106
2222,-33.9647,151.0848
2223,-33.9803,151.0718
2224,-34.0136,151.1019
2225,-33.9974,151.0879
2226,-34.0093,151.0638
2227,-34.0498,151.085
2228,-34.0377,151.1016
2229,-34.0549,151.1201
2230,-34.0932,151.1366
2231,-34.0299,151.1935
2232,-34.0618,151.0643
2233,-34.1146,151.0279
2234,-34.0219,151.0044
2250,-33.3254,151.1892
2251,-33.4822,151.402
2252,-33.3208,151.234
2256,-33.4821,151.3312
2257,-33.5204,151.3744
2258,-33.3332,151.3433
2259,-33.2088,151.3772
2260,-33.4254,151.4369
2261,-33.3158,151.5197
2262,-33.2091,151.528
2263,-33.2851,151.5562
2264,-33.1067,151.5338
2265,-33.0956,151.4121
2267,-33.0865,151.5917
2278,-32.9324,151.5904
2280,-33.0197,151.6632
2281,-33.09,151.6689
2282,-32.9873,151.6513
2283,-33.0191,151.5718
2284,-32.9532,151.6212
2285,-32.9333,151.6511
2286,-32.9233,151.5327
2287,-32.8926,151.6581
2289,-32.9486,151.7101
2290,-32.984,151.7078
2291,-32.951,151.7429
2292,-32.9316,151.7407
2293,-32.9178,151.7547
2294,-32.9158,151.7674
2295,-32.8795,151.8017
2296,-32.9157,151.7462
2297,-32.9091,151.7501
2298,-32.9056,151.7222
2299,-32.9031,151.6909
2300,-32.9316,151.778
2302,-32.9313,151.7525
2303,-32.9246,151.7433
2304,-32.8803,151.7386
2305,-32.9302,151.7065
2306,-32.9933,151.6825
2307,-32.8837,151.6881
2308,-32.8929,151.6974
2309,-30.3522,148.8908
2310,-32.1932,151.701
2311,-32.3438,151.5225
2312,-32.1617,152.3722
2314,-32.7975,151.8401
2315,-32.7462,152.1937
2316,-32.7769,152.0833
2317,-32.7209,152.0764
2318,-32.7699,151.8519
2319,-32.7309,152.0396
2320,-32.7417,151.5437
2321,-32.6602,151.6837
2322,-32.8198,151.6541
2323,-32.7576,151.6076
2324,-32.6231,152.3326
2325,-32.9779,151.3175
2326,-32.7852,151.4531
2327,-32.8207,151.4862
2328,-32.5769,150.5648
2329,-32.0475,150.1875
2330,-32.7605,150.9721
2331,-32.7442,151.1591
2333,-32.2486,150.7019
2334,-32.7285,151.3855
2335,-32.6421,151.3194
2336,-32.1462,151.1029
2337,-31.9668,151.0804
2338,-31.7352,151.0292
2339,-31.7357,150.6033
2340,-31.3336,151.1383
2341,-31.3466,150.6111
2342,-31.1552,150.5491
2343,-31.6655,150.1491
2344,-31.1737,150.7296
2345,-30.8643,150.875
2346,-30.6023,150.5206
2347,-30.2819,150.5232
2348,-31.2532,146.921
2350,-30.4934,151.9062
2351,-30.4891,151.6396
2352,-31.0881,151.2462
2353,-30.9736,151.0956
2354,-31.1459,151.7626
2355,-30.7752,151.1542
2356,-30.6198,148.9695
2357,-31.5159,149.781
2358,-30.5403,151.2975
2359,-30.3248,150.9956
2360,-29.6301,151.162
2361,-29.1985,151.1418
2365,-30.1159,151.673
2369,-29.9854,151.2651
2370,-29.7362,151.8694
2371,-29.3662,151.8147
2372,-28.9617,151.7289
2379,-31.1263,149.7546
2380,-31.0461,150.1992
2381,-31.2442,150.4579
2382,-30.595,150.1781
2386,-30.079,148.9244
2387,-29.7957,149.1822
2388,-30.4273,149.0015
2390,-30.4133,149.7675
2395,-31.5842,149.4409
2396,-30.7774,148.9841
2397,-29.9257,149.691
2398,-29.7411,149.7957
2399,-29.4093,150.2227
2400,-29.4749,149.4621
2401,-29.6119,150.3316
2402,-29.4418,150.5475
2403,-29.4637,150.7838
2404,-29.8371,150.4166
2405,-28.8947,149.6472
2406,-28.9535,148.767
2408,-29.0281,150.5789
2409,-28.7078,150.1858
2410,-28.7051,150.6885
2411,-29.1312,150.3079
2415,-32.3063,151.8883
2420,-32.2397,151.6855
2421,-32.6019,151.543
2422,-31.9731,151.8658
2423,-32.3649,152.2709
2424,-31.6402,151.9648
2425,-32.4176,152.0025
2426,-31.8179,152.5953
2427,-31.8423,152.6866
2428,-32.1967,152.4542
2429,-31.7704,152.2924
2430,-31.8993,152.5032
2431,-30.9252,153.0538
2439,-31.6547,152.6522
2440,-30.3758,153.0196
2441,-30.8182,152.7955
2442,-31.4352,152.917
2443,-31.7254,152.7472
2444,-31.4396,152.8725
2445,-31.583,152.8209
2446,-31.3874,152.4669
2447,-30.8266,152.7146
2448,-30.6047,152.9567
2449,-30.6282,152.7376
2450,-30.0977,152.6583
2452,-30.3572,153.0819
2453,-30.3684,152.6703
2454,-30.4598,152.8403
2455,-30.5294,152.9635
2456,-30.0737,153.1434
2460,-29.3208,153.2711
2462,-29.8292,153.187
2463,-29.3669,153.1048
2464,-29.4846,153.3342
2465,-29.4126,153.2439
2466,-29.4075,153.3509
2469,-29.0537,152.5893
2470,-28.9279,152.7498
2471,-29.019,153.2432
2472,-29.1568,153.3039
2473,-29.2343,153.3211
2474,-28.4994,152.885
2475,-28.5463,152.3883
2476,-28.3646,152.4977
2477,-28.9077,153.4273
2478,-28.8655,153.5325
2479,-28.7095,153.515
2480,-28.7065,153.2594
2481,-28.6608,153.5928
2482,-28.5473,153.4324
2483,-28.4611,153.4942
2484,-28.3806,153.3165
2485,-28.1842,153.5268
2486,-28.2152,153.4792
2487,-28.2797,153.5486
2488,-28.341,153.5607
2489,-28.3922,153.5419
2490,-28.2717,153.4726
2500,-34.4232,150.8743
2502,-34.4947,150.8731
2505,-34.4664,150.9439
2506,-34.4849,150.8408
2508,-34.2309,150.9697
2515,-34.3003,150.9299
2516,-34.3321,150.9048
2517,-34.3494,150.8912
2518,-34.3737,150.8867
2519,-34.3556,150.7096
2520,-33.9378,151.1396
2522,-34.4051,150.8778
2525,-34.4372,150.8189
2526,-34.3808,150.7768
2527,-34.5835,150.7546
2528,-34.5487,150.8551
2529,-34.5924,150.8458
2530,-34.5054,150.7661
2533,-34.6454,150.7569
2534,-34.745,150.7511
2535,-34.7621,150.6783
2536,-35.6713,150.1259
2537,-35.9396,149.9122
2538,-35.3662,150.3205
2539,-35.5224,150.3932
2540,-34.8282,150.5789
2541,-34.9906,150.451
2545,-36.1277,149.7923
2546,-36.2549,150.2254
2548,-36.8607,149.8948
2549,-36.9532,149.8517
2550,-36.7378,149.6992
2551,-37.2677,149.7924
2555,-33.8834,150.7414
2556,-33.9163,150.734
2557,-33.9935,150.7749
2558,-34.0316,150.7995
2559,-34.0513,150.7936
2560,-34.1942,150.7684
2563,-34.1027,150.7498
2564,-33.9984,150.8949
2565,-33.9772,150.8619
2566,-34.0273,150.8423
2567,-34.0552,150.7565
2568,-34.1474,150.718
2569,-34.196,150.7089
2570,-34.0429,150.5253
2571,-34.3025,150.5153
2572,-34.1931,150.5592
2573,-34.2184,150.5846
2574,-34.4254,150.6686
2575,-34.3472,150.3422
2576,-34.5256,150.5035
2577,-34.595,150.411
2578,-34.7156,150.2932
2579,-34.7118,150.1303
2580,-34.7263,149.7292
2581,-34.7645,149.2866
2582,-34.7583,148.9655
2583,-34.1965,149.2542
2584,-34.711,148.5552
2585,-34.5723,148.4985
2586,-34.3786,148.7973
2587,-34.5058,148.361
2588,-34.5995,148.2556
2590,-34.7145,147.8969
2594,-34.2311,148.1073
2600,-35.3029,149.2011
2601,-35.2759,149.1138
2602,-35.2481,149.1481
2603,-35.3304,149.1257
2604,-35.3364,149.1476
2605,-35.3358,149.0935
2606,-35.3517,149.0926
2607,-35.37,149.0948
2608,-35.2829,149.1294
2609,-35.3045,149.194
2610,-35.2809,149.13
2611,-35.5732,148.709
2612,-35.2706,149.1332
2614,-35.2573,149.0498
2615,-35.2154,149.0293
2616,-35.2484,149.0703
2617,-35.2313,149.0867
2618,-35.1356,149.0433
2619,-35.3782,149.1945
2620,-35.3417,149.2105
2621,-35.4698,149.484
2622,-35.6284,149.7521
2623,-35.5528,149.4451
2624,-36.1808,148.4413
2625,-36.5066,148.301
2626,-35.9412,149.1686
2627,-36.4091,148.2323
2628,-36.3981,148.7204
2629,-35.9973,148.7697
2630,-36.1773,149.1292
2631,-36.5294,149.3067
2632,-37.0201,149.2205
2633,-36.8652,148.7016
2640,-36.0162,147.0265
2641,-36.0387,146.9304
2642,-35.3944,146.4617
2643,-35.9366,146.6175
2644,-35.7732,147.3913
2645,-35.3338,146.3324
2646,-35.7576,146.3245
2647,-35.9055,145.9761
2648,-33.2962,141.8018
2649,-35.6083,148.0912
2650,-35.0746,147.3762
2651,-35.1623,147.4635
2652,-35.4051,147.6496
2653,-35.7762,148.0413
2655,-35.2251,147.0474
2656,-35.356,146.7677
2658,-35.5357,146.9778
2659,-35.6101,146.7675
2660,-35.6999,147.0783
2661,-35.1577,147.2776
2663,-34.9335,147.7168
2665,-34.3132,146.8415
2666,-34.4878,147.5838
2668,-34.1215,147.4054
2669,-33.8149,146.6675
2671,-33.8393,147.3082
2672,-33.2436,146.4
2675,-33.4592,145.4792
2678,-35.0593,147.352
2680,-34.3214,145.9146
2681,-34.1167,146.1467
2700,-34.9021,146.3036
2701,-34.7068,147.2465
2702,-34.8667,147.0142
2703,-34.6079,146.3708
2705,-34.4899,146.3735
2706,-34.5695,145.9375
2707,-34.7689,145.8079
2708,-36.0737,146.914
2710,-35.3576,144.9844
2711,-34.2577,144.6952
2712,-35.7542,145.8728
2713,-35.5863,145.5207
2714,-35.7743,145.2869
2715,-33.8129,142.6742
2716,-35.2459,145.6271
2717,-34.088,142.0944
2720,-35.3799,148.3836
2721,-34.0495,147.7121
2722,-35.0535,148.1029
2725,-34.4482,147.8158
2726,-34.7844,148.3267
2727,-34.9835,148.3904
2729,-35.2278,147.9238
2730,-35.51,148.034
2731,-35.8934,144.6418
2732,-35.5426,144.2302
2733,-35.0137,144.2061
2734,-34.7709,143.387
2735,-35.1291,143.4267
2736,-34.9652,143.3758
2737,-34.5741,142.8738
2738,-34.1647,142.2251
2739,-34.1538,142.1057
2745,-33.8713,150.6715
2747,-33.7741,150.7377
2748,-33.811,150.7232
2749,-33.7022,150.6868
2750,-33.7555,150.6786
2751,-33.7321,151.2804
2752,-33.9422,150.5801
2753,-33.604,150.6461
2754,-33.5579,150.728
2756,-33.4663,150.8874
2757,-33.5548,150.6921
2758,-33.4836,150.6018
2759,-33.8225,150.7818
2760,-33.764,150.7801
2761,-33.742,150.8475
2762,-33.7006,150.8801
2763,-33.7256,150.8955
2765,-33.6722,150.7958
2766,-33.8104,150.8508
2767,-33.7797,150.8652
2768,-33.7379,150.9227
2769,-33.7055,150.9055
2770,-33.7564,150.8102
2773,-33.7688,150.6268
2774,-33.7327,150.629
2775,-33.3055,150.9186
2776,-33.6669,150.5531
2777,-33.6925,150.588
2778,-33.7285,150.4845
2779,-33.7237,150.4593
2780,-33.8329,150.4356
2782,-33.7098,150.3765
2783,-33.7256,150.4318
2784,-33.7299,150.407
2785,-33.7077,150.1815
2786,-33.5331,150.3178
2787,-34.1703,150.3859
2790,-33.3107,150.3569
2791,-33.6349,149.1645
2792,-33.6266,149.0863
2793,-33.784,148.9087
2794,-33.8985,148.6648
2795,-33.8208,149.4744
2797,-33.6051,148.9525
2798,-33.4622,149.1588
2799,-33.5713,149.2677
2800,-33.2339,149.1163
2803,-34.1767,148.5237
2804,-33.5396,148.634
2805,-33.6499,148.42
2806,-33.3756,148.3756
2807,-34.0365,148.5622
2808,-33.977,149.0232
2809,-33.9729,148.4323
2810,-33.9029,148.0546
2817,-31.3306,148.7629
2818,-32.5009,148.6686
2820,-32.5533,148.9892
2821,-32.2552,148.1104
2822,-31.8948,148.558
2823,-32.0769,147.8385
2824,-31.3732,147.7858
2825,-31.9272,146.508
2826,-32.0288,147.4794
2827,-31.6331,148.6484
2828,-31.4256,148.4918
2829,-30.6301,148.4544
2830,-32.2422,148.6573
2831,-31.9279,146.6152
2832,-29.9585,147.983
2833,-29.3915,148.3785
2834,-29.1216,147.9287
2835,-31.5518,145.4066
2836,-31.4981,143.2706
2838,-29.3107,147.404
2839,-29.8313,146.9447
2840,-30.2059,145.2514
2842,-31.6909,149.052
2843,-31.8243,149.7278
2844,-31.925,149.3193
2845,-33.405,150.042
2846,-33.0718,150.1186
2847,-33.4045,149.9698
2848,-32.9014,149.9641
2849,-32.7089,150.0591
2850,-32.685,149.6029
2852,-32.2808,149.4591
2864,-33.3403,148.7318
2865,-33.0951,148.5386
2866,-33.0073,148.9045
2867,-32.9659,148.6112
2868,-32.7409,148.5615
2869,-32.584,148.2667
2870,-33.0355,148.1682
2871,-33.4768,147.8117
2873,-32.2694,147.2604
2874,-32.6199,147.5386
2875,-32.9156,147.6036
2876,-33.159,147.7728
2877,-32.2734,146.6854
2878,-32.8232,144.4954
2879,-32.3662,142.6666
2880,-30.1704,142.2034
2890,-32.831,150.139
2891,-33.8688,151.209
2898,-31.5525,159.0812
2899,-36.0842,146.9288
2900,-35.4189,149.0638
2901,-35.4197,149.069
2902,-35.3893,149.0498
2903,-35.4027,149.0818
2904,-35.4102,149.1114
2905,-35.431,149.11
2906,-35.4568,149.0897
2911,-35.2187,149.1325
2912,-35.1725,149.1236
2913,-35.167,149.0947
2914,-35.1703,149.1259
3000,-37.8144,144.9826
3001,-37.8144,144.9826
3002,-37.8144,144.9826
3003,-37.8109,144.9496
3004,-37.8144,144.9826
3005,-37.8246,144.9509
3006,-37.8253,144.9521
3008,-37.8147,144.948
3010,-37.7962,144.9614
3011,-37.8071,144.908
3012,-37.8071,144.8612
3013,-37.8142,144.8887
3015,-37.8382,144.8806
3016,-37.8637,144.8885
3018,-37.8617,144.8127
3019,-37.7847,144.854
3020,-37.7772,144.8299
3021,-37.7434,144.7967
3022,-37.7959,144.794
3023,-37.7827,144.7706
3024,-37.7505,144.6499
3025,-37.8356,144.8397
3026,-37.9162,144.6421
3027,-37.9324,144.7541
3028,-37.8751,144.7772
3029,-37.8372,144.7058
3030,-37.9162,144.6421
3031,-37.7912,144.9234
3032,-37.7745,144.8972
3033,-37.7411,144.8576
3034,-37.7612,144.8619
3036,-37.7053,144.8225
3037,-37.7156,144.7805
3038,-37.7005,144.7669
3039,-37.7662,144.923
3040,-37.7518,144.9026
3041,-37.7315,144.9048
3042,-37.7275,144.8663
3043,-37.6919,144.8884
3044,-37.7311,144.9364
3045,-37.6747,144.8362
3046,-37.7066,144.928
3047,-37.6811,144.9302
3048,-37.6539,144.9236
3049,-37.6732,144.8885
3050,-37.7989,144.9562
3051,-37.8006,144.9436
3052,-37.789,144.9489
3053,-37.8036,144.9661
3054,-37.787,144.9672
3055,-37.7636,144.9422
3056,-37.7663,144.9601
3057,-37.77,144.9773
3058,-37.7399,144.9645
3059,-37.6399,144.8796
3060,-37.7073,144.9679
3061,-37.6663,144.9568
3062,-37.633,144.9326
3063,-37.595,144.8561
3064,-37.5465,144.9422
3065,-37.8026,144.9778
3066,-37.8048,144.9869
3067,-37.8035,144.9982
3068,-37.791,144.9862
3070,-37.7741,144.9997
3071,-37.7594,145.007
3072,-37.7425,145.0057
3073,-37.7125,145.006
3074,-37.6847,145.0066
3075,-37.6661,145.0027
3076,-37.6436,145.0221
3078,-37.7783,145.0259
3079,-37.7727,145.0486
3081,-37.743,145.0464
3082,-37.6649,145.0657
3083,-37.7013,145.0562
3084,-37.7444,145.0827
3085,-37.7244,145.0699
3086,-37.7213,145.047
3087,-37.7118,145.0824
3088,-37.7002,145.1083
3089,-37.6677,145.1504
3090,-37.6684,145.1078
3091,-37.6375,145.1367
3093,-37.7392,145.1152
3094,-37.7198,145.1247
3095,-37.7133,145.1586
3096,-37.6709,145.1858
3097,-37.6953,145.2242
3099,-37.5921,145.1929
3101,-37.8074,145.0366
3102,-37.7938,145.0522
3103,-37.8117,145.0741
3104,-37.7937,145.0817
3105,-37.7725,145.0848
3106,-37.7583,145.1427
3107,-37.7652,145.1107
3108,-37.7864,145.1258
3109,-37.7848,145.1616
3111,-37.7941,145.1863
3113,-37.7521,145.2047
3114,-37.7786,145.2126
3115,-37.7367,145.2676
3116,-37.7376,145.3131
3121,-37.8233,145.0018
3122,-37.8227,145.0306
3123,-37.8298,145.0494
3124,-37.8409,145.0682
3125,-37.8513,145.101
3126,-37.8272,145.0757
3127,-37.8252,145.0972
3128,-37.8289,145.1224
3129,-37.807,145.1251
3130,-37.818,145.1497
3131,-37.8178,145.1745
3132,-37.8192,145.1967
3133,-37.8488,145.1923
3134,-37.8231,145.2579
3135,-37.8196,145.2482
3136,-37.7799,145.2824
3137,-37.8194,145.3133
3138,-37.7839,145.3228
3139,-37.8145,145.5327
3140,-37.7592,145.3632
3141,-37.8407,144.9913
3142,-37.8441,145.0177
3143,-37.8589,145.0194
3144,-37.8574,145.0341
3145,-37.8736,145.0493
3146,-37.8571,145.0578
3147,-37.8679,145.0929
3148,-37.8826,145.0901
3149,-37.8807,145.1281
3150,-37.9144,145.1688
3151,-37.8552,145.1511
3152,-37.865,145.2217
3153,-37.8451,145.2701
3154,-37.856,145.3178
3155,-37.8618,145.2844
3156,-37.9179,145.2929
3158,-37.9101,145.3245
3159,-37.9219,145.3892
3160,-37.9351,145.3508
3161,-37.8737,145.0199
3162,-37.8921,145.0234
3163,-37.8965,145.0572
3164,-38.0224,145.2374
3165,-37.9224,145.0594
3166,-37.9028,145.0897
3167,-37.9233,145.0876
3168,-37.9134,145.1267
3169,-37.9451,145.1153
3170,-37.9209,145.1679
3171,-37.9446,145.1568
3172,-37.976,145.1347
3173,-38.0068,145.1649
3174,-37.9662,145.1788
3175,-38.0161,145.2085
3176,-37.8992,145.23
3177,-37.991,145.2375
3178,-37.9244,145.2416
3179,-37.8971,145.2226
3180,-37.8933,145.2467
3181,-37.8547,144.9955
3182,-37.8653,144.9795
3183,-37.8691,144.999
3184,-37.8814,144.984
3185,-37.8918,145.0026
3186,-37.9151,144.9963
3187,-37.9254,145.0136
3188,-37.9389,145.0072
3189,-37.942,145.0478
3190,-37.9514,145.0381
3191,-37.9566,145.0135
3192,-37.9657,145.0623
3193,-37.9787,145.0316
3194,-37.9851,145.0674
3195,-38.007,145.1041
3196,-38.0465,145.1228
3197,-38.0727,145.1341
3198,-38.1032,145.1378
3199,-38.1626,145.136
3200,-38.1265,145.1576
3201,-38.0929,145.1779
3202,-37.9606,145.0927
3204,-37.917,145.0368
3205,-37.8317,144.9582
3206,-37.8465,144.9509
3207,-37.8322,144.918
3211,-37.9436,144.4985
3212,-38.04,144.4227
3213,-37.9406,144.2894
3214,-38.0848,144.3524
3215,-38.111,144.3345
3216,-38.2159,144.334
3217,-38.2341,144.3708
3218,-38.1303,144.2895
3219,-38.1728,144.3895
3220,-38.157,144.3465
3221,-38.1816,144.4274
3222,-38.2099,144.573
3223,-38.1362,144.6217
3224,-38.2029,144.4624
3225,-38.2711,144.6142
3226,-38.2638,144.5238
3227,-38.2631,144.4081
3228,-38.3075,144.3
3230,-38.4094,144.1764
3231,-38.4594,144.1069
3232,-38.545,143.9702
3233,-38.6794,143.6718
3234,-38.6791,143.8324
3235,-38.412,143.9243
3236,-38.5219,143.7124
3237,-38.7168,143.4744
3238,-38.7818,143.43
3239,-38.564,143.4481
3240,-38.263,144.1744
3241,-38.2036,143.8928
3242,-38.3467,143.7403
3243,-38.364,143.8259
3249,-38.3883,143.5572
3250,-38.3115,143.5847
3251,-38.1552,143.6485
3254,-38.2896,143.5223
3260,-38.2096,143.2448
3264,-38.2324,142.8844
3265,-38.1782,142.9524
3266,-38.4071,143.1337
3267,-38.4666,143.0607
3268,-38.5358,142.9089
3269,-38.6606,143.1771
3270,-38.6021,142.8702
3271,-37.8885,142.9875
3272,-37.9822,142.8536
3273,-37.9812,142.6606
3274,-37.9608,142.4786
3275,-38.3018,142.4576
3276,-38.0538,142.4818
3277,-38.3898,142.6602
3278,-38.278,142.6247
3279,-38.2146,142.6575
3280,-38.3788,142.4829
3281,-38.2545,142.6301
3282,-38.2682,142.3517
3283,-38.3134,142.3288
3284,-38.2704,142.1193
3285,-38.2902,142.0589
3286,-37.9711,141.8361
3287,-38.0599,142.3195
3289,-37.8932,142.2278
3292,-38.0389,141.052
3293,-37.6559,142.5273
3294,-37.574,142.3128
3300,-37.7432,142.0134
3301,-38.1189,142.0341
3302,-37.848,141.7064
3303,-37.9809,141.7896
3304,-38.1821,141.9522
3305,-38.2355,141.4372
3309,-37.8264,141.511
3310,-37.7079,141.5492
3311,-37.4682,141.2297
3312,-37.6391,141.3657
3314,-37.5867,141.9357
3315,-37.4084,141.6875
3317,-37.1667,141.4516
3318,-37.0253,141.2696
3319,-36.874,141.0514
3321,-38.0878,143.8806
3322,-38.0213,143.7433
3323,-38.0263,143.5209
3324,-37.9419,143.3754
3325,-37.8775,143.1859
3328,-38.0187,144.0431
3329,-37.9837,143.9087
3330,-37.9184,143.7586
3331,-38.0492,144.1946
3332,-37.9444,144.0972
3333,-37.8718,144.0448
3334,-37.758,144.0861
3335,-37.6961,144.6699
3336,-37.719,144.6684
3337,-37.6572,144.5462
3338,-37.7055,144.571
3340,-37.7871,144.3944
3341,-37.5737,144.3082
3342,-37.6515,144.2391
3345,-37.5878,144.1237
3350,-37.5719,143.8645
3351,-37.7582,143.6375
3352,-37.4821,143.6624
3353,-37.7778,144.8357
3354,-37.5609,143.8672
3355,-37.5303,143.8256
3356,-37.5923,143.8285
3357,-37.6539,143.8834
3358,-37.5801,143.7928
3360,-37.7276,143.5955
3361,-37.7526,143.3731
3363,-37.4206,143.8864
3364,-37.3347,143.9072
3370,-37.2527,143.8156
3371,-37.1969,143.6356
3373,-37.4578,143.3434
3374,-37.2315,142.9569
3375,-37.4243,143.1436
3377,-37.2315,142.9569
3378,-37.5288,142.9854
3379,-37.7667,142.6833
3380,-37.0666,142.7712
3381,-36.9889,142.7154
3384,-36.9383,143.2173
3385,-36.9042,142.6476
3387,-36.7174,142.9814
3388,-36.5979,142.6939
3390,-36.5837,142.4875
3391,-36.0921,142.446
3392,-36.342,142.6792
3393,-36.2577,142.3873
3395,-35.9189,142.442
3396,-35.7157,142.3292
3399,-36.6085,142.357
3400,-36.7252,142.2037
3401,-36.8815,141.9408
3402,-37.1642,142.6663
3407,-37.2981,141.9484
3409,-36.7248,141.8632
3412,-36.6588,141.3661
3413,-36.6993,141.2011
3414,-36.3886,142.0939
3415,-36.3525,141.3397
3418,-36.0741,141.5381
3419,-36.226,141.1019
3420,-36.4127,141.0173
3423,-36.1319,141.9408
3424,-35.7278,141.9309
3427,-37.6435,144.708
3428,-37.5911,144.8115
3429,-37.5676,144.729
3430,-37.4941,144.8066
3431,-37.4746,144.692
3432,-37.4485,144.7926
3433,-37.4133,144.7521
3434,-37.3539,144.7508
3435,-37.1795,144.7434
3437,-37.5016,144.513
3438,-37.4575,144.602
3440,-37.4134,144.5462
3441,-37.3992,144.6039
3442,-37.3307,144.5488
3444,-37.1718,144.5447
3446,-37.1848,144.3743
3447,-37.1577,144.3225
3448,-37.0754,144.3876
3450,-37.0616,144.2149
3451,-37.1253,144.2142
3453,-36.9504,144.2815
3458,-37.4241,144.3347
3460,-37.3517,144.1442
3461,-37.2878,144.171
3462,-37.0836,144.0536
3463,-36.958,144.0565
3464,-37.0198,143.8414
3465,-37.0215,143.6113
3467,-37.106,143.4127
3468,-37.2615,143.3795
3469,-37.173,143.2806
3472,-36.865,143.6576
3475,-36.7063,143.5121
3477,-36.6886,143.2307
3478,-36.6886,143.2307
3480,-36.3123,142.9681
3482,-36.1703,142.7666
3483,-35.9018,142.8908
3485,-35.7115,142.672
3487,-35.5156,142.6161
3488,-35.4356,142.4271
3489,-35.3325,142.4253
3490,-35.621,141.485
3491,-35.4341,142.2183
3494,-34.4864,142.3483
3496,-34.2878,142.1442
3498,-34.2384,142.1725
3500,-34.1931,142.1542
3501,-34.2433,142.1009
3502,-37.9729,145.2584
3505,-34.1805,142.0042
3506,-35.2042,141.3859
3507,-35.1206,142.0357
3509,-35.155,141.6804
3512,-35.392,141.1212
3515,-36.7294,144.0629
3516,-36.6076,144.0417
3517,-36.4831,143.8868
3518,-36.4749,143.5862
3520,-36.4058,143.8108
3521,-37.0901,144.9127
3522,-37.05,144.7472
3523,-36.8375,144.7684
3525,-36.2835,143.3643
3527,-36.071,143.2413
3529,-35.8243,143.2327
3530,-35.7014,143.1527
3531,-35.6164,142.9438
3533,-35.3846,142.8393
3537,-36.0793,143.7445
3540,-35.8928,143.4501
3542,-35.7008,143.4064
3544,-35.5172,143.1754
3546,-35.0602,142.8505
3549,-34.766,142.821
3550,-36.7643,144.2786
3551,-36.7814,144.4579
3552,-36.7643,144.2786
3554,-36.757,144.279
3555,-36.7772,144.2452
3556,-36.6564,144.1783
3557,-36.6351,144.5768
3558,-36.5155,144.6384
3559,-36.5701,144.8053
3561,-36.3211,144.7095
3562,-36.0625,144.4628
3563,-36.2563,144.5156
3564,-36.181,144.6014
3565,-36.1823,144.5117
3566,-35.9457,144.3833
3567,-35.9317,144.2629
3568,-35.8095,144.1841
3570,-36.5153,144.2805
3571,-36.3682,144.2069
3572,-36.2666,144.2571
3573,-36.1649,144.298
3575,-36.0557,144.159
3576,-36.128,143.9175
3579,-35.768,143.7694
3580,-35.6398,144.0947
3581,-35.6283,143.7852
3583,-35.5096,143.6646
3584,-35.431,143.6376
3585,-35.3484,143.3369
3586,-35.114,143.7926
3588,-35.2943,143.4703
3589,-35.2284,143.4412
3590,-35.2357,143.4935
3591,-35.2022,143.3941
3594,-35.1382,143.346
3595,-35.2028,143.3517
3596,-35.1238,143.3277
3597,-34.9654,143.1898
3599,-34.7297,143.1432
3607,-36.8397,145.1798
3608,-36.7407,145.0958
3610,-36.5776,145.2293
3612,-36.5759,145.0193
3614,-36.4792,145.301
3616,-36.4641,145.1452
3617,-36.4238,145.1784
3618,-36.3771,145.125
3619,-37.6596,144.9363
3620,-36.2846,145.0827
3621,-36.2061,144.9612
3622,-36.232,144.8757
3623,-36.4614,144.9768
3624,-36.4102,144.9658
3629,-36.2873,145.2607
3630,-36.3809,145.4032
3631,-36.4287,145.5267
3632,-36.5445,145.6032
3633,-36.3079,145.463
3634,-36.2242,145.4403
3635,-36.1426,145.3083
3636,-36.0939,145.4795
3637,-36.0507,145.329
3638,-36.032,145.2466
3639,-36.0213,145.0473
3640,-36.0098,145.486
3641,-35.8972,145.4283
3643,-35.9554,145.6319
3644,-35.9454,145.6327
3646,-36.2474,145.704
3647,-36.3853,145.7045
3649,-36.0827,145.6887
3658,-37.2414,145.1119
3659,-37.1103,145.0709
3660,-37.0359,145.2579
3661,-38.196,146.5353
3662,-36.9356,144.9487
3663,-36.9109,145.1589
3664,-36.9273,145.2982
3665,-36.8441,145.3576
3666,-36.7868,145.5655
3669,-36.6253,145.7087
3670,-36.6237,145.8524
3671,-36.3851,145.4207
3672,-36.5549,145.9778
3673,-36.6699,146.0625
3675,-36.5651,146.2668
3676,-36.3412,146.3386
3677,-36.358,146.3306
3678,-36.6889,146.4824
3682,-36.1743,146.4287
3683,-36.1808,146.6046
3685,-36.0564,146.4706
3687,-36.0188,146.4159
3688,-36.1192,146.7172
3689,-37.6758,144.9898
3690,-36.1357,146.8644
3691,-36.0272,147.881
3694,-36.1507,146.9195
3695,-36.3043,147.1237
3697,-36.6875,147.1793
3698,-36.722,147.1495
3699,-36.8443,147.2993
3700,-36.3359,147.3553
3701,-36.6388,147.4768
3704,-36.1326,147.4934
3705,-36.3229,147.7699
3707,-36.5863,148.038
3708,-36.0709,147.9421
3709,-36.0359,147.6674
3711,-37.4105,145.6822
3712,-37.3209,145.8391
3713,-37.2415,145.9062
3714,-37.2105,145.6879
3715,-36.9857,145.7394
3717,-37.2866,145.4358
3718,-37.1441,145.541
3719,-37.0412,145.6085
3720,-37.0172,145.8503
3722,-37.2026,146.2533
3723,-36.8945,146.2565
3724,-37.0531,146.0768
3725,-36.4144,145.9373
3726,-36.3323,145.9602
3727,-36.2424,145.9578
3728,-36.1489,145.959
3730,-36.0518,145.9748
3732,-36.6868,146.3138
3733,-36.8121,146.3163
3735,-36.5157,146.6036
3736,-36.4551,146.4795
3737,-36.554,146.8276
3738,-36.5879,146.754
3739,-36.641,146.8642
3740,-36.7317,146.8346
3741,-36.9623,147.0632
3744,-36.7885,146.9598
3746,-36.314,146.5177
3747,-36.3611,146.7257
3749,-36.4203,146.8638
3750,-37.5961,145.0056
3751,-37.5547,145.0529
3752,-37.6191,145.0744
3753,-37.4765,144.9595
3754,-37.5936,145.113
3755,-37.5639,145.142
3756,-37.4123,144.9566
3757,-37.4698,145.1822
3758,-37.3546,145.0526
3759,-37.6504,145.2473
3760,-37.627,145.2883
3761,-37.5856,145.2924
3762,-37.3541,144.9367
3763,-37.5219,145.3534
3764,-37.2637,144.9006
3765,-37.8148,145.3466
3766,-37.8178,145.385
3767,-37.8394,145.3475
3770,-37.7088,145.416
3775,-37.6429,145.366
3777,-37.6061,145.5138
3778,-37.5375,145.623
3779,-37.5393,145.7848
3781,-37.9385,145.4879
3782,-37.9381,145.433
3783,-37.9474,145.5966
3785,-37.8851,145.3167
3786,-37.8782,145.3324
3787,-37.8668,145.3509
3788,-37.848,145.3771
3789,-37.8898,145.3573
3791,-37.8969,145.3796
3792,-37.8942,145.4054
3793,-37.8745,145.4297
3795,-37.8367,145.4303
3796,-37.787,145.3849
3797,-37.8678,145.7863
3799,-37.7276,145.8185
3800,-37.9105,145.1349
3802,-37.9718,145.2556
3803,-38.0094,145.2655
3804,-37.9801,145.326
3805,-38.037,145.3042
3806,-38.025,145.3495
3807,-38.0483,145.3716
3808,-38.0025,145.4233
3809,-38.0691,145.4069
3810,-38.0466,145.4725
3812,-38.0701,145.5653
3813,-38.0643,145.6343
3814,-38.1072,145.6691
3815,-38.0138,145.7263
3816,-38.0435,145.788
3818,-38.0963,145.8673
3820,-38.2075,145.9222
3821,-37.9199,145.9452
3822,-38.1944,145.9899
3823,-38.2104,146.0657
3824,-38.2456,146.164
3825,-37.9789,146.3429
3831,-37.9933,146.0131
3832,-37.9199,145.9452
3833,-37.8422,145.8519
3835,-38.2906,146.1753
3840,-38.2452,146.4245
3841,-37.5832,147.463
3842,-38.3155,146.4144
3844,-38.3169,146.6071
3847,-38.1662,146.773
3850,-38.2242,147.1062
3851,-38.0355,147.0844
3852,-38.1036,147.1414
3853,-38.0956,146.06
3854,-38.1241,146.5969
3856,-38.0639,146.6722
3857,-38.0186,146.6949
3858,-37.369,146.8292
3859,-37.8861,146.8483
3860,-37.5717,146.8052
3862,-37.553,147.13
3864,-37.8609,147.3415
3865,-37.7967,147.4559
3869,-38.3647,146.3598
3870,-38.4379,146.3194
3871,-38.4221,146.1589
3873,-38.2983,146.7088
3874,-38.5144,146.8362
3875,-37.826,147.632
3878,-37.8985,147.6801
3880,-37.9147,147.7274
3882,-37.812,147.7644
3885,-37.0161,148.0697
3886,-37.771,148.4269
3887,-37.7579,148.1166
3888,-37.3905,148.6609
3889,-37.6108,148.874
3890,-37.5665,149.2172
3891,-37.5677,149.5389
3892,-37.5638,149.9099
3893,-37.4953,147.8661
3895,-37.3793,147.8875
3896,-37.2647,147.708
3898,-37.0662,147.4648
3900,-36.8805,147.8261
3902,-37.797,147.8149
3903,-37.8113,147.8675
3904,-37.881,147.8394
3909,-37.8219,147.9702
3910,-38.1564,145.1983
3911,-38.1969,145.1696
3912,-38.218,145.2274
3913,-38.2623,145.1664
3915,-38.3058,145.1366
3916,-38.4152,145.0506
3918,-38.3399,145.1555
3919,-38.3523,145.1998
3920,-38.3875,145.193
3921,-38.4157,145.3687
3922,-38.4822,145.232
3923,-38.4656,145.2936
3925,-38.5282,145.3797
3926,-38.3552,145.0945
3927,-38.3834,145.1533
3928,-38.4078,144.9751
3929,-38.461,144.9767
3930,-38.195,145.0937
3931,-38.23,145.0495
3933,-38.2612,145.097
3934,-38.2783,145.0316
3936,-38.3264,145.0076
3937,-38.3737,145.0199
3938,-38.3543,144.9318
3939,-38.4278,144.9004
3940,-38.3736,144.8754
3941,-38.3961,144.8272
3942,-38.3679,144.7683
3943,-38.3455,144.7391
3944,-38.3219,144.6927
3945,-38.3816,145.6971
3946,-38.4482,145.7235
3950,-38.4352,145.8129
3951,-38.4737,145.7984
3953,-38.4601,145.9952
3954,-38.5504,145.938
3956,-38.597,145.9553
3957,-38.5893,146.1267
3958,-38.6738,145.9871
3959,-38.7346,146.0665
3960,-39.1408,146.3604
3962,-38.6036,146.3598
3964,-38.6851,146.2788
3965,-38.6934,146.4721
3966,-38.6306,146.4366
3967,-38.6476,146.5079
3971,-38.6319,146.8157
3975,-38.0535,145.2311
3976,-38.044,145.2643
3977,-38.1466,145.2695
3978,-38.135,145.3846
3979,-38.4482,145.5913
3980,-38.2044,145.3569
3981,-38.2073,145.575
3984,-38.3126,145.564
3987,-38.309,145.6891
3988,-38.3134,145.8119
3989,-31.8251,144.9639
3990,-38.4554,145.5013
3991,-38.483,145.4668
3992,-38.5691,145.5343
3995,-38.5781,145.6307
3996,-38.6296,145.7456
4000,-27.4684,153.0221
4001,-27.6035,152.8231
4002,-27.4693,153.027
4003,-24.8724,152.3485
4004,-24.0453,149.3166
4005,-27.4701,153.0452
4006,-27.3662,153.1752
4007,-27.4361,153.0619
4008,-27.3884,153.1132
4009,-27.4057,153.1052
4010,-27.4332,153.0435
4011,-27.4195,153.0597
4012,-27.3993,153.0536
4013,-27.3971,153.075
4014,-27.3739,153.0848
4017,-27.3181,153.0473
4018,-27.3491,153.0318
4019,-27.2483,153.0885
4020,-27.2107,153.0901
4021,-27.2201,153.0753
4022,-27.2119,153.0464
4025,-27.1623,153.3935
4029,-27.4493,153.0264
4030,-27.4269,153.0297
4031,-27.4085,153.0307
4032,-27.3856,153.0194
4034,-27.3547,153.0401
4035,-27.356,152.9791
4036,-27.314,153.0087
4037,-27.3411,152.9365
4051,-27.4275,153.0003
4053,-27.3996,152.9873
4054,-27.4098,152.956
4055,-27.3937,152.9242
4059,-27.4521,153.0089
4060,-27.4451,152.9852
4061,-27.4508,152.9443
4064,-27.4647,152.999
4065,-27.4625,152.976
4066,-27.4799,152.9641
4067,-27.5005,153.005
4068,-27.5069,152.9769
4069,-27.5028,152.8989
4070,-27.5599,152.8711
4072,-27.549,152.3301
4073,-27.5492,152.9514
4074,-27.5541,152.9215
4075,-27.5521,152.9756
4076,-27.5846,152.9211
4077,-27.6056,152.9678
4078,-27.6127,152.9506
4101,-27.4843,153.0097
4102,-27.4955,153.0328
4103,-27.5122,153.0288
4104,-27.5158,153.0115
4105,-27.5344,153.0189
4106,-27.5521,153.0046
4107,-27.5521,153.0306
4108,-27.5684,153.0202
4109,-27.5792,153.0575
4110,-27.6122,153.0095
4111,-27.5506,153.0522
4112,-27.6111,153.0878
4113,-27.5907,153.0779
4114,-27.6528,153.1108
4115,-27.6438,153.0225
4116,-27.634,153.0508
4117,-27.6447,153.083
4118,-27.6738,153.0273
4119,-27.6115,153.1098
4120,-27.5087,153.0442
4121,-27.527,153.054
4122,-27.5433,153.0882
4123,-27.5835,153.1162
4124,-27.7017,152.9678
4125,-27.7304,153.0411
4127,-27.6295,153.142
4128,-27.6524,153.1742
4129,-27.6815,153.1868
4130,-27.6692,153.2433
4131,-27.6699,153.1361
4132,-27.6811,153.0844
4133,-27.7238,153.1027
4151,-27.5008,153.0586
4152,-27.5013,153.0968
4153,-27.51,153.1314
4154,-27.4907,153.1587
4155,-27.5181,153.1564
4156,-27.5589,153.1542
4157,-27.5682,153.2071
4158,-27.4877,153.1998
4159,-27.5023,153.2096
4160,-27.5064,153.2433
4161,-27.5334,153.2269
4163,-27.5352,153.2657
4164,-27.57,153.2608
4165,-27.624,153.2638
4169,-27.4842,153.041
4170,-27.4708,153.0742
4171,-27.456,153.0604
4172,-27.4588,153.1033
4173,-27.4758,153.1206
4174,-27.4501,153.1294
4178,-27.4257,153.2326
4179,-27.3908,153.234
4183,-27.5452,153.4517
4184,-27.6765,153.3847
4205,-27.6874,153.1563
4207,-27.734,153.2045
4208,-27.767,153.2763
4209,-27.8055,153.3929
4210,-27.9322,153.2795
4211,-28.0355,153.2413
4212,-27.8698,153.3607
4213,-28.1102,153.3189
4214,-27.967,153.3656
4215,-27.9671,153.398
4216,-27.8393,153.4194
4217,-28.0088,153.4122
4218,-28.0376,153.4169
4219,-28.1117,153.4342
4220,-28.085,153.4344
4221,-28.1273,153.4584
4222,-27.5506,153.0522
4223,-28.1908,153.4151
4224,-28.1502,153.4893
4225,-28.1688,153.5173
4226,-28.0679,153.4028
4227,-28.1019,153.4104
4228,-28.1821,153.3774
4229,-28.0779,153.4131
4230,-28.0775,153.3853
4270,-27.8623,153.1356
4271,-27.9184,153.2015
4272,-27.9608,153.1834
4275,-28.1114,153.135
4280,-27.8104,152.9484
4285,-28.057,152.9751
4287,-28.2591,152.823
4300,-27.6823,152.885
4301,-27.6294,152.8581
4303,-27.6046,152.8402
4304,-27.6207,152.8046
4305,-27.6275,152.7537
4306,-27.4809,152.7254
4307,-27.8518,152.5924
4309,-27.9873,152.5234
4310,-28.1214,152.6006
4311,-27.4186,152.4388
4312,-27.2561,152.4826
4313,-27.0895,152.3215
4314,-26.7334,152.2258
4340,-27.8035,152.4727
4341,-27.6877,152.3967
4342,-27.5438,152.3777
4343,-27.6561,152.2246
4344,-27.573,152.0604
4345,-27.5491,152.3364
4346,-27.5624,152.5882
4347,-27.6551,152.1427
4350,-27.5763,151.8527
4352,-27.6277,151.9418
4353,-27.257,151.9046
4354,-27.3439,151.8879
4355,-27.1846,152.0086
4356,-27.6631,151.5503
4357,-27.9577,151.1039
4358,-27.7283,151.8599
4359,-27.7945,152.0368
4360,-27.8538,151.907
4361,-27.9652,151.9483
4362,-28.0505,151.8414
4363,-27.6766,151.7397
4364,-27.7105,151.3962
4365,-28.0171,151.5975
4370,-28.1957,151.9515
4371,-28.199,152.2342
4372,-28.3031,152.2331
4373,-28.3494,152.3052
4374,-28.4639,151.7447
4375,-28.517,151.875
4376,-28.5415,151.9338
4377,-28.5872,151.973
4378,-28.6139,151.9555
4380,-28.6016,151.8126
4381,-28.7702,151.8705
4382,-28.8453,151.8474
4383,-28.9405,151.9694
4384,-28.728,151.1832
4385,-28.7776,151.248
4387,-28.3416,150.9678
4388,-28.5088,150.6463
4390,-28.2289,150.321
4400,-27.4855,151.8563
4401,-27.4731,151.7036
4402,-26.979,151.804
4403,-27.3206,151.597
4404,-27.3313,151.4807
4405,-27.1924,151.3966
4406,-27.0642,151.4337
4407,-27.5637,150.962
4408,-26.8512,151.4267
4410,-26.7812,151.1098
4411,-26.7946,150.9767
4412,-26.8278,150.8071
4413,-26.7068,150.5451
4415,-26.6273,150.2051
4416,-26.9958,149.798
4417,-27.3482,149.0702
4418,-26.2902,150.1433
4419,-26.1497,149.5516
4420,-25.4947,149.5253
4421,-27.3244,150.4443
4422,-27.5738,149.5903
4423,-27.3838,149.5254
4424,-26.5984,149.9603
4425,-26.6491,149.7731
4426,-26.5399,149.5904
4427,-26.75,149.3819
4428,-26.4037,149.2065
4454,-25.7245,148.672
4455,-26.7328,148.6902
4461,-26.6639,148.2939
4462,-26.5092,148.1904
4465,-27.2188,147.4539
4467,-26.2337,147.4903
4468,-26.0873,146.8332
4470,-26.7303,146.1
4471,-27.6311,145.8922
4472,-24.7842,145.1412
4474,-25.667,144.4953
4475,-26.8449,144.9754
4477,-25.4448,147.0598
4478,-24.8894,146.3994
4479,-26.724,145.3975
4480,-26.2485,143.2742
4481,-25.3776,141.5813
4482,-25.6031,139.3233
4486,-28.6122,147.8301
4487,-27.9312,148.4085
4488,-28.0315,147.4779
4489,-27.2586,145.6557
4490,-28.418,145.5963
4491,-27.9158,145.0837
4492,-27.9938,143.3369
4493,-28.9417,144.5604
4494,-28.1435,149.6066
4496,-28.365,149.268
4497,-28.6455,148.7536
4498,-28.416,149.8247
4500,-27.3078,152.9394
4501,-27.2776,152.9462
4502,-27.265,152.9668
4503,-27.2406,152.9932
4504,-27.1866,152.9321
4505,-27.1537,152.9769
4506,-27.1284,152.9363
4507,-26.9878,153.1241
4508,-27.1812,153.0137
4509,-27.2327,153.0173
4510,-27.0702,152.9603
4511,-27.0779,153.0808
4512,-27.0225,152.8583
4513,-27.0946,152.8666
4514,-26.9178,152.7601
4515,-26.9707,152.6007
4516,-27.0055,152.9572
4517,-26.9511,152.9876
4518,-26.9024,152.986
4519,-26.8494,152.918
4520,-27.228,152.7948
4521,-27.1698,152.7862
4550,-26.8121,152.9713
4551,-26.8281,153.0884
4552,-26.7343,152.7669
4553,-26.7718,153.018
4554,-26.7317,152.965
4555,-26.6917,152.9545
4556,-26.7004,153.0498
4557,-26.6863,153.1134
4558,-26.6551,153.0754
4559,-26.6632,152.965
4560,-26.6351,152.9174
4561,-26.5315,152.9648
4562,-26.5059,152.8031
4563,-26.4258,152.9092
4564,-26.6124,153.0792
4565,-26.1568,153.0423
4566,-26.4117,153.0474
4567,-26.4086,153.097
4568,-26.314,152.8766
4569,-26.3346,152.8228
4570,-26.1538,152.6169
4571,-26.2197,152.9319
4572,-26.6716,153.102
4573,-26.5169,153.0683
4574,-26.6304,152.7611
4575,-26.742,153.1195
4580,-25.891,152.929
4581,-25.9908,153.0979
4600,-26.0551,152.2211
4601,-26.145,152.0124
4605,-26.1124,151.8703
4606,-26.2612,151.8231
4608,-26.3526,151.7413
4610,-26.5769,151.5226
4611,-26.1767,151.776
4612,-26.0046,151.5898
4613,-26.2798,151.3389
4614,-26.8483,151.9647
4615,-26.6596,152.0104
4620,-25.557,152.2809
4621,-25.5358,152.0428
4625,-25.5711,151.6442
4626,-25.7654,151.1055
4627,-25.3502,150.7787
4630,-24.8607,150.9755
4650,-25.641,152.7913
4655,-25.338,152.7837
4659,-25.2663,152.5687
4660,-25.1893,152.301
4662,-25.3472,152.5988
4670,-24.8878,152.2979
4671,-25.0764,151.7894
4673,-24.7296,152.0888
4674,-24.6885,151.8725
4676,-24.6323,151.622
4677,-24.3185,151.7277
4678,-24.1469,151.6343
4680,-23.4468,151.9173
4694,-23.8324,151.1216
4695,-23.8071,150.9659
4697,-23.7114,150.8195
4699,-23.6579,150.6432
4700,-23.1802,150.9581
4701,-23.3549,150.5575
4702,-23.2796,150.8858
4703,-23.0746,150.8943
4704,-23.1357,150.3812
4705,-22.7718,149.7192
4706,-22.5809,149.6754
4707,-22.515,149.2355
4709,-23.0597,148.4292
4710,-23.2572,150.8264
4711,-23.2525,150.4762
4712,-23.6952,149.6737
4713,-24.1141,149.431
4714,-23.6627,150.3949
4715,-24.3936,150.4587
4716,-24.4835,150.806
4717,-23.6328,148.8913
4718,-24.675,149.615
4719,-24.9996,150.2138
4720,-23.6849,148.1879
4721,-22.4493,147.1743
4722,-24.5065,147.4165
4723,-23.0299,148.201
4724,-23.6427,146.8405
4725,-23.6106,145.3635
4726,-22.5364,145.4864
4727,-23.5156,144.617
4728,-22.7711,146.0994
4730,-23.7907,143.4025
4731,-24.4993,144.2685
4732,-22.4276,144.6221
4733,-21.7712,143.503
4735,-22.8106,141.8618
4736,-24.9366,143.1031
4737,-21.43,149.1781
4738,-21.6222,149.2674
4739,-21.9306,149.3951
4740,-21.3376,149.0597
4741,-20.8086,149.2717
4742,-21.7541,148.5696
4743,-21.4537,147.907
4744,-22.0184,148.0451
4745,-22.4979,148.2596
4746,-22.8519,148.8509
4750,-21.0426,149.1523
4751,-21.2219,149.0407
4753,-21.169,148.9525
4754,-21.1881,148.8328
4756,-21.1263,148.6097
4757,-21.0543,148.5008
4798,-20.8899,148.7378
4799,-20.7204,148.622
4800,-20.4654,148.5163
4801,-20.0533,148.8872
4802,-20.2711,148.989
4803,-20.3541,148.9588
4804,-20.868,147.5185
4805,-20.0166,148.458
4806,-19.8629,147.4169
4807,-19.915,147.133
4808,-19.5101,147.3044
4809,-19.5308,147.1398
4810,-19.2278,146.7647
4811,-19.3231,146.8403
4812,-19.2866,146.7877
4813,-19.3389,146.7864
4814,-19.2858,146.7547
4815,-19.3723,146.7076
4816,-19.7879,146.7915
4817,-19.3105,146.6523
4818,-19.2379,146.5403
4819,-19.1439,146.8318
4820,-20.0822,146.2484
4821,-20.7942,144.2184
4822,-21.3284,142.6049
4823,-19.2145,141.2438
4824,-20.7775,140.6525
4825,-21.0173,137.4323
4828,-19.5438,138.3507
4829,-23.3299,140.2212
4830,-17.9563,138.862
4849,-18.2657,146.0279
4850,-18.5525,146.4957
4852,-17.8301,146.1
4854,-18.0202,145.8421
4855,-17.8154,146.0109
4856,-17.7414,145.9244
4857,-17.7489,146.0592
4858,-17.6226,146.0788
4859,-17.5933,145.9546
4860,-17.5203,145.8888
4861,-17.3528,145.8722
4865,-17.0955,145.7828
4868,-16.9938,145.7292
4869,-17.0256,145.7304
4870,-16.9238,145.7423
4871,-16.9342,145.9941
4872,-18.0281,145.1573
4873,-16.2309,145.2991
4874,-12.5339,142.2679
4875,-9.5849,143.7692
4876,-11.3385,142.4654
4877,-16.5353,145.4676
4878,-16.8394,145.7115
4879,-16.7898,145.6665
4880,-17.0488,145.2932
4881,-16.9125,145.5578
4882,-17.2025,145.4728
4883,-17.3333,145.4767
4884,-17.2663,145.7216
4885,-17.3842,145.6241
4886,-17.5357,145.6338
4887,-17.3849,145.3866
4888,-17.4993,145.4911
4890,-17.7419,141.1851
4891,-17.4474,140.9288
4892,-14.6604,143.3735
4895,-19.7061,145.774
5000,-34.9285,138.6007
5001,-34.9285,138.6007
5005,-34.9194,138.6035
5006,-34.9115,138.5845
5007,-34.9033,138.5679
5008,-34.8875,138.5594
5009,-34.8969,138.5425
5010,-34.8575,138.5583
5011,-34.8709,138.5353
5012,-34.863,138.5416
5013,-34.842,138.5535
5014,-34.8647,138.5092
5015,-34.8084,138.5316
5016,-34.8245,138.4938
5017,-34.8065,138.4981
5018,-34.7791,138.4996
5019,-34.8477,138.4771
5020,-34.8673,138.4816
5021,-34.8663,138.4929
5022,-34.9055,138.4926
5023,-34.9007,138.512
5024,-34.9488,138.5061
5025,-34.9124,138.5296
5031,-34.9369,138.5709
5032,-34.9357,138.5444
5033,-34.9389,138.5585
5034,-34.9562,138.5881
5035,-34.9521,138.5752
5037,-34.9574,138.5458
5038,-34.9681,138.5484
5039,-34.9763,138.5707
5040,-34.9631,138.5274
5041,-35.003,138.5942
5042,-35.0073,138.575
5043,-35.0055,138.5539
5044,-35.0012,138.5163
5045,-34.9771,138.517
5046,-35.0038,138.5354
5047,-35.0307,138.5466
5048,-35.0174,138.5205
5049,-35.0454,138.5227
5050,-35.0263,138.6013
5051,-35.0338,138.6204
5052,-35.0039,138.6187
5061,-34.9572,138.6065
5062,-35.0041,138.6024
5063,-34.9543,138.6215
5064,-34.9632,138.6492
5065,-34.9404,138.634
5066,-34.941,138.6603
5067,-34.92,138.6306
5068,-34.9226,138.655
5069,-34.9076,138.6235
5070,-34.9005,138.6422
5071,-34.9229,138.623
5072,-34.9121,138.6961
5073,-34.8953,138.6832
5074,-34.8842,138.6693
5075,-34.8613,138.6753
5076,-34.8738,138.7037
5081,-34.8914,138.6177
5082,-34.886,138.5871
5083,-34.8794,138.6099
5084,-34.8644,138.5816
5085,-34.8562,138.613
5086,-34.8542,138.6434
5087,-34.877,138.6377
5088,-34.8471,138.6738
5089,-34.851,138.7245
5090,-34.8433,138.7046
5091,-34.8226,138.7356
5092,-34.8213,138.6802
5093,-34.8398,138.658
5094,-34.8027,138.5815
5095,-34.8207,138.6199
5096,-34.7985,138.6447
5097,-34.8196,138.7073
5098,-34.8296,138.6389
5106,-34.7932,138.6295
5107,-34.7844,138.6099
5108,-34.7616,138.6188
5109,-34.7714,138.6639
5110,-34.7221,138.565
5111,-34.7093,138.6253
5112,-34.7262,138.6666
5113,-34.7025,138.6744
5114,-34.7187,138.7543
5115,-34.6695,138.6817
5116,-34.6228,138.7241
5117,-34.6413,138.6365
5118,-34.5838,138.7057
5120,-34.6686,138.5079
5121,-34.6886,138.6508
5125,-34.7732,138.7387
5126,-34.7934,138.725
5127,-34.7967,138.6747
5131,-34.7953,138.7581
5132,-34.8573,138.757
5133,-34.8109,138.777
5134,-34.8919,138.7606
5136,-34.9211,138.7351
5137,-34.9458,138.736
5138,-34.9349,138.7686
5139,-34.9248,138.7887
5140,-34.9392,138.7102
5141,-34.9573,138.7224
5142,-34.9608,138.7402
5144,-34.9685,138.769
5150,-35.0109,138.6549
5151,-34.9743,138.7239
5152,-34.9984,138.704
5153,-35.091,138.7579
5154,-35.0233,138.7359
5155,-35.0201,138.7567
5156,-35.0302,138.6567
5157,-35.1435,138.6331
5158,-35.084,138.5198
5159,-35.0617,138.6039
5160,-35.1101,138.5017
5161,-35.0964,138.5157
5162,-35.1121,138.5652
5163,-35.1479,138.5522
5164,-35.1248,138.5004
5165,-35.1374,138.4751
5166,-35.1153,138.4786
5167,-35.1669,138.4812
5168,-35.1497,138.4963
5169,-35.1942,138.478
5170,-35.2373,138.4789
5171,-35.1965,138.5534
5172,-35.2877,138.5552
5173,-35.2906,138.47
5174,-35.3306,138.4712
5201,-35.2061,138.7272
5202,-35.386,138.5059
5203,-35.4508,138.3881
5204,-35.5722,138.3246
5210,-35.3877,138.6557
5211,-35.5662,138.628
5212,-35.5208,138.6688
5213,-35.5006,138.7102
5214,-35.4912,138.8348
5220,-35.745,137.2367
5221,-35.7938,137.7202
5222,-35.8034,137.9247
5223,-35.8114,137.5417
5231,-34.8159,138.8395
5232,-34.8554,138.816
5233,-34.8399,138.8824
5234,-34.8051,138.9661
5235,-34.7053,139.0846
5236,-34.8294,139.0517
5237,-34.8231,139.1919
5238,-34.8677,139.4972
5240,-34.9069,138.8153
5241,-34.8972,138.8644
5242,-34.9984,138.8191
5243,-34.9632,138.8282
5244,-34.9387,138.9464
5245,-35.0204,138.7917
5250,-35.0417,138.8861
5251,-35.1377,138.8734
5252,-35.0357,138.9472
5253,-35.1091,139.2736
5254,-35.097,139.4759
5255,-35.2485,138.9759
5256,-35.4921,139.0336
5259,-35.5214,139.2366
5260,-35.2336,139.5117
5261,-35.596,139.9352
5262,-36.7805,140.9045
5263,-37.307,140.8384
5264,-35.6699,139.2757
5265,-35.7188,139.7434
5266,-35.9028,139.8155
5267,-36.0935,140.3487
5268,-36.1894,140.7882
5269,-36.4049,140.6017
5270,-36.4049,140.6017
5271,-36.7929,140.4965
5272,-37.1629,140.3218
5273,-36.9426,140.2461
5275,-36.6132,139.9371
5276,-37.2141,139.9174
5277,-37.4355,140.8523
5278,-37.5271,140.6166
5279,-37.5747,140.4625
5280,-37.4492,140.2608
5290,-37.8398,140.7645
5291,-37.928,140.7196
5301,-35.4499,140.0306
5302,-35.5795,140.3253
5303,-35.1914,140.6853
5304,-35.0526,140.7825
5306,-35.0968,139.6909
5307,-35.0376,140.2421
5308,-34.6271,140.0507
5309,-34.8507,140.1144
5310,-34.7948,140.3673
5311,-34.7218,140.8111
5320,-34.0181,139.4417
5321,-34.0647,139.7866
5322,-34.1779,139.9559
5330,-33.9471,139.9754
5331,-34.22,140.317
5332,-34.2511,140.281
5333,-34.357,140.6203
5340,-34.1768,140.782
5341,-33.7391,140.7532
5342,-34.2403,140.5519
5343,-34.3213,140.5562
5344,-34.2853,140.5144
5345,-34.187,140.4545
5346,-34.25,140.3972
5350,-34.5509,138.8342
5351,-34.6382,138.8978
5352,-34.5447,138.9856
5353,-34.5773,139.327
5354,-34.538,139.6526
5355,-34.444,139.0079
5356,-34.397,139.3721
5357,-34.3434,139.5259
5360,-34.4468,138.898
5371,-34.4154,138.7561
5372,-34.4359,138.7986
5373,-34.303,138.9303
5374,-34.1525,139.1249
5381,-33.9655,139.1403
5400,-34.4215,138.7043
5401,-34.2977,138.6599
5410,-34.3668,138.7683
5411,-34.2564,138.7723
5412,-34.1829,138.7753
5413,-34.0803,138.8835
5414,-33.9494,138.7737
5415,-33.9427,138.7229
5416,-33.8047,138.7961
5417,-33.665,139.8483
5418,-33.3573,139.1438
5419,-33.3977,138.8933
5420,-33.2526,138.9612
5421,-33.1347,138.9858
5422,-32.9734,138.7712
5431,-32.212,138.884
5432,-31.9511,139.1946
5433,-32.1809,138.1056
5434,-31.5682,138.7051
5440,-32.2159,140.3153
5451,-34.0922,138.6209
5452,-33.9695,138.6528
5453,-33.8029,138.5827
5454,-33.5317,138.6045
5455,-33.6739,138.6335
5460,-34.3124,138.518
5461,-34.0953,138.4445
5462,-33.8964,138.4302
5464,-33.6764,138.3941
5470,-33.5754,138.4827
5471,-33.4761,138.4243
5472,-33.3872,138.4103
5473,-33.2571,138.3513
5480,-33.1258,138.3198
5481,-33.0124,138.2397
5482,-32.8422,138.3573
5483,-32.8863,138.1237
5485,-32.5464,138.207
5490,-33.1691,138.4822
5491,-33.1945,138.6438
5493,-33.015,138.7466
5495,-32.8822,137.9463
5501,-34.5951,138.548
5502,-34.4962,138.6229
5510,-33.9491,138.189
5520,-33.7691,138.1202
5521,-33.5675,138.21
5522,-33.5782,138.0033
5523,-33.1877,138.213
5540,-33.2058,138.0802
5550,-34.093,138.2438
5552,-34.0613,137.8629
5554,-33.928,137.7562
5555,-33.6568,138.1912
5556,-33.9509,137.6108
5558,-34.1052,137.5984
5560,-33.8951,138.0319
5570,-34.2723,137.9569
5571,-34.5149,137.8115
5572,-34.2371,137.8125
5573,-34.5141,137.5086
5575,-34.8231,137.5446
5576,-35.0508,137.5605
5577,-34.9106,137.1758
5580,-34.6587,137.7047
5581,-34.7896,137.7488
5582,-34.9423,137.7346
5583,-35.1177,137.8259
5600,-33.0363,137.2773
5601,-32.9133,137.787
5602,-33.5305,136.8609
5603,-33.8312,136.5
5604,-34.0033,136.3018
5605,-34.2583,136.1541
5606,-35.3732,136.8593
5607,-35.1564,136.4565
5608,-33.0575,137.5325
5609,-33.1498,137.4399
5611,-33.1001,136.9795
5630,-34.4205,135.6122
5631,-34.2858,135.6645
5632,-34.1292,135.6358
5633,-33.4485,135.5819
5640,-33.606,136.4377
5641,-33.1002,136.3185
5642,-33.5587,136.1032
5650,-33.1523,135.7402
5651,-33.1696,135.5284
5652,-33.0913,135.2498
5653,-32.968,135.2293
5654,-32.8332,135.0209
5655,-32.5853,135.0486
5660,-32.5915,134.522
5661,-32.3453,134.741
5670,-33.4094,135.0208
5671,-33.2104,134.6738
5680,-32.6728,134.3791
5690,-32.2827,133.5823
5700,-32.6901,137.7541
5701,-32.5778,137.961
5710,-27.4672,134.43
5713,-32.3424,137.8719
5715,-32.3299,137.3609
5717,-32.2263,135.1706
5719,-30.59,135.5034
5720,-31.1183,136.9754
5722,-30.7798,137.1972
5723,-27.7952,135.5334
5724,-27.1806,133.4209
5725,-30.4309,136.7467
5730,-31.1246,138.5935
5731,-28.871,140.7244
5732,-30.6582,138.8559
5733,-26.3201,138.9718
5734,-26.0978,134.7482
5800,-34.9285,138.6007
5801,-34.9285,138.6007
5810,-34.9285,138.6007
5839,-34.9285,138.6007
5942,-34.86,138.5659
5950,-34.9451,138.5302
6000,-31.9488,115.8599
6001,-31.9921,115.7632
6003,-31.9393,115.8691
6004,-31.9569,115.8746
6005,-31.9571,115.8369
6006,-31.9293,115.8529
6007,-31.9357,115.8343
6008,-31.9566,115.8114
6009,-31.9858,115.8047
6010,-31.9716,115.7764
6011,-31.9964,115.7576
6012,-32.016,115.7634
6014,-31.9364,115.8082
6015,-31.9385,115.7647
6016,-31.9212,115.8312
6017,-31.9084,115.8146
6018,-31.892,115.7868
6019,-31.9073,115.7692
6020,-31.8527,115.7654
6021,-31.8717,115.8119
6022,-31.852,115.8092
6023,-31.8345,115.774
6024,-31.8349,115.8031
6025,-31.7958,115.7544
6026,-31.8017,115.7998
6027,-31.7633,115.7564
6028,-31.7337,115.7477
6029,-31.8769,115.7557
6030,-31.6873,115.7117
6031,-31.6925,115.7721
6032,-31.6432,115.7489
6033,-31.6091,115.7114
6034,-31.5856,115.6639
6035,-31.5247,115.7299
6036,-31.6494,115.7099
6037,-31.4885,115.6161
6038,-32.2891,115.723
6041,-31.3797,115.5686
6042,-31.2544,115.5086
6043,-31.1418,115.4245
6044,-30.9728,115.4247
6050,-31.9306,115.8719
6051,-31.9381,115.8996
6052,-31.9155,115.884
6053,-31.9209,115.9149
6054,-31.9018,115.9426
6055,-31.828,115.9734
6056,-31.8384,116.0261
6057,-31.9499,116.0042
6058,-31.9852,116.0067
6059,-31.8829,115.8617
6060,-31.9032,115.8409
6061,-31.8641,115.8435
6062,-31.8863,115.8909
6063,-31.8668,115.9378
6064,-31.8353,115.8491
6065,-31.6944,115.8453
6066,-31.8427,115.8965
6067,-31.8161,115.8996
6068,-31.8262,115.9411
6069,-31.7816,115.9892
6070,-31.929,116.0793
6071,-31.8891,116.1004
6072,-31.9078,116.132
6073,-31.9493,116.2814
6074,-31.8966,116.2045
6076,-32.109,116.2083
6077,-31.6944,115.8453
6078,-31.6944,115.8453
6079,-31.6944,115.8453
6081,-31.876,116.1461
6082,-31.7384,116.2957
6083,-31.7931,116.1966
6084,-31.622,116.0728
6090,-31.8626,115.8943
6100,-31.9717,115.896
6101,-31.9852,115.9086
6102,-32.0056,115.9044
6103,-31.9604,115.9135
6104,-31.9655,115.9776
6105,-31.9539,115.9633
6106,-31.9921,115.9456
6107,-32.0177,115.9671
6108,-32.0609,115.9536
6109,-32.0399,116.0132
6110,-32.0785,116.0086
6111,-32.104,116.1926
6112,-32.1587,115.9979
6121,-32.2089,115.9165
6122,-32.2217,116.0072
6123,-32.2952,115.9859
6124,-32.3383,116.0725
6125,-32.3644,115.9013
6126,-32.44,115.977
6147,-32.0438,115.9414
6148,-32.0302,115.9247
6149,-32.0649,115.8587
6150,-32.0617,115.8336
6151,-31.9822,115.8695
6152,-32.0085,115.8701
6153,-32.0244,115.8375
6154,-32.0401,115.826
6155,-32.0615,115.8908
6156,-32.0395,115.8002
6157,-32.0382,115.7837
6158,-32.0385,115.7666
6159,-32.0352,115.7503
6160,-32.0541,115.7545
6161,-32.0056,115.5205
6162,-32.0688,115.759
6163,-32.0848,115.7987
6164,-32.132,115.8546
6165,-32.196,115.7994
6166,-32.1584,115.7907
6167,-32.2237,115.8353
6168,-32.282,115.7577
6169,-32.3385,115.7639
6170,-32.2656,115.836
6171,-32.3289,115.8333
6172,-32.3755,115.7531
6173,-32.4074,115.7579
6174,-32.4266,115.7602
6175,-32.4459,115.7553
6176,-32.4217,115.8143
6180,-32.558,115.7283
6181,-32.558,115.7283
6182,-32.4463,115.8323
6207,-32.5143,115.9596
6208,-32.6306,115.8476
6209,-32.558,115.7283
6210,-32.558,115.7283
6211,-32.558,115.7283
6213,-32.7021,116.1282
6214,-32.7504,115.8594
6215,-32.8538,115.8967
6218,-32.9462,115.9031
6219,-33.0035,115.8515
6220,-33.0312,116.0298
6221,-33.1193,115.9074
6223,-33.1821,115.9032
6224,-33.2451,115.8468
6225,-33.3526,116.2049
6226,-33.2918,115.8472
6227,-33.3228,115.8686
6228,-33.3381,115.7765
6229,-33.3521,115.7074
6230,-33.3411,115.6492
6231,-33.3644,115.6556
6232,-33.3166,115.7043
6233,-33.279,115.7144
6236,-33.4104,115.8289
6237,-33.476,115.6741
6239,-33.5649,115.9239
6240,-33.5496,115.9661
6243,-33.6887,116.2069
6244,-33.7832,116.5069
6251,-33.6827,115.8887
6252,-33.7483,115.9567
6253,-33.7739,116.0365
6254,-33.8444,116.0726
6255,-33.9716,116.1554
6256,-34.0523,116.1666
6258,-34.3128,116.4022
6260,-34.4387,115.8606
6262,-34.7061,116.1412
6271,-33.6212,115.6157
6275,-34.0553,115.6265
6280,-33.7289,115.3027
6281,-33.6108,115.0768
6282,-33.7229,115.0239
6284,-33.8576,115.1887
6285,-33.9414,115.281
6286,-34.0618,115.1765
6288,-34.171,115.2336
6290,-34.2938,115.1422
6302,-31.8963,116.7429
6304,-32.1766,116.7603
6306,-32.2965,117.1406
6308,-32.579,116.6652
6309,-32.6683,117.1292
6311,-32.8035,117.1209
6312,-32.9791,117.3069
6313,-33.0579,117.2433
6315,-33.2863,117.3428
6316,-33.5323,117.3846
6317,-33.6474,117.7389
6318,-33.862,117.6511
6320,-34.0964,117.7179
6321,-34.2695,117.3985
6322,-34.412,117.4916
6323,-34.4862,117.6255
6324,-34.6183,117.7815
6326,-34.7694,117.7853
6327,-34.8585,117.5934
6328,-34.9191,118.4628
6330,-34.9054,117.8633
6331,-35.0269,117.884
6332,-32.0466,115.9745
6333,-34.9025,117.1589
6335,-33.869,118.1128
6336,-33.9282,118.5968
6337,-33.9904,119.2372
6338,-34.3629,118.6571
6341,-33.5136,118.2152
6343,-33.5356,118.7993
6346,-33.3191,120.349
6348,-33.8813,120.1458
6350,-33.4339,117.6947
6351,-33.1894,117.9221
6352,-33.1855,118.0862
6353,-33.1314,118.5103
6355,-33.0327,119.0983
6356,-32.8853,120.1324
6357,-32.8097,118.7242
6358,-32.4839,118.6719
6359,-32.4254,119.3112
6361,-32.9894,117.7572
6363,-32.9198,118.0042
6365,-32.7231,118.2888
6367,-32.4226,118.3519
6368,-32.1895,118.3399
6369,-32.0237,118.8065
6370,-32.806,117.626
6372,-32.6418,117.7634
6373,-32.4954,117.7639
6375,-32.2863,117.8798
6383,-31.9511,117.4063
6384,-31.9556,117.6662
6385,-31.9021,117.7473
6386,-31.9501,117.8151
6390,-32.8054,116.4134
6391,-33.0633,116.7732
6392,-33.4009,116.6253
6393,-33.5382,116.854
6394,-33.8332,116.972
6395,-33.8852,117.0653
6396,-34.372,117.0962
6397,-34.5437,116.9554
6398,-34.7886,116.604
6401,-31.6403,116.6817
6403,-31.6439,116.7975
6405,-31.6058,117.0202
6407,-31.6511,117.2221
6409,-31.6054,117.471
6410,-31.58,117.68
6411,-31.5505,117.9053
6412,-31.6011,117.9798
6413,-31.5556,118.064
6414,-31.5268,118.1678
6415,-31.4812,118.29
6418,-31.8955,118.1626
6419,-32.0312,118.0978
6420,-31.7483,118.7183
6421,-31.3275,118.5242
6422,-31.3841,118.5644
6423,-31.1693,118.6812
6424,-31.2963,118.8963
6425,-31.3981,119.1432
6426,-30.3613,119.3113
6427,-30.8506,119.5409
6428,-32.142,118.0205
6429,-30.9498,120.8989
6430,-30.5991,121.4465
6431,-30.4036,122.6839
6432,-30.871,121.5418
6433,-30.7825,121.5047
6434,-30.8202,125.6728
6435,-28.2193,120.4488
6436,-29.6023,124.8568
6437,-27.6844,120.5298
6438,-28.9,121.0927
6440,-26.1689,125.7332
6442,-31.3186,121.9976
6443,-32.395,123.7442
6445,-32.9817,121.6387
6446,-33.2234,121.6823
6447,-33.4513,121.7322
6448,-33.6506,121.7989
6450,-33.4012,122.2111
6452,-32.9183,122.895
6460,-31.2666,116.779
6461,-31.1407,117.0833
6462,-31.1253,117.2043
6463,-31.1265,117.2493
6465,-30.86,117.0712
6466,-30.7191,117.1004
6467,-30.5613,117.1534
6468,-30.2146,117.1445
6470,-30.4664,117.287
6472,-30.2614,117.7899
6473,-30.489,118.1335
6475,-30.614,117.4405
6476,-30.7649,117.6792
6477,-30.776,117.9388
6479,-30.7484,118.4485
6480,-31.2901,118.2206
6484,-30.9607,119.0789
6485,-31.1847,117.3811
6487,-31.1683,117.6601
6488,-31.1276,117.7358
6489,-31.1233,117.9456
6490,-31.1618,118.1071
6501,-31.5418,115.9455
6502,-31.2976,116.1843
6503,-31.2374,115.8211
6504,-31.3108,116.0423
6505,-31.1614,116.1044
6506,-31.0703,116.1103
6507,-30.7215,115.7187
6509,-30.9123,116.2526
6510,-30.7011,116.0903
6511,-30.5681,115.2502
6512,-30.4467,116.0702
6513,-30.2737,116.0606
6514,-30.0274,115.0872
6515,-29.9673,115.8564
6516,-30.2255,115.2093
6517,-29.7407,115.8394
6518,-29.7749,115.1807
6519,-29.5143,115.5977
6521,-30.3485,115.6409
6522,-29.1394,115.4856
6525,-29.3273,115.0981
6528,-28.9859,114.8152
6530,-28.8025,114.8625
6531,-32.2784,115.7407
6532,-28.4409,115.0046
6535,-27.8322,114.8524
6536,-27.5418,114.3797
6537,-26.9049,114.6273
6556,-31.8606,116.3102
6558,-31.7714,116.3134
6560,-31.8177,116.4286
6562,-31.7462,116.4734
6564,-31.7266,116.539
6566,-31.4849,116.3806
6567,-31.4592,116.42
6568,-31.2466,116.5375
6569,-31.0851,116.4528
6571,-30.9404,116.3966
6572,-30.8047,116.3963
6574,-30.6509,116.4252
6575,-30.4109,116.4244
6603,-30.8742,116.726
6605,-30.7302,116.763
6606,-30.6143,116.8292
6608,-30.4293,116.8266
6609,-30.2665,116.7506
6612,-29.5451,117.8352
6613,-29.9626,116.5236
6614,-29.8888,116.5519
6616,-29.7669,116.4342
6620,-29.6237,116.6014
6623,-29.0217,116.1205
6625,-29.1074,115.9467
6627,-28.8505,115.902
6628,-28.8338,115.7648
6630,-27.5697,115.7238
6631,-28.4637,115.7554
6632,-28.6199,115.3384
6635,-28.1507,116.6894
6638,-28.6124,118.1576
6639,-27.6849,119.4098
6640,-27.0032,117.6746
6642,-25.6394,118.5549
6646,-25.9127,121.2149
6701,-24.7345,115.152
6705,-25.1113,115.0115
6707,-22.265,113.9548
6710,-22.1335,115.449
6711,-21.4619,115.0011
6712,-20.7858,115.4073
6713,-20.6763,116.7095
6714,-21.1451,116.3499
6716,-21.6053,116.312
6718,-20.9715,117.741
6720,-20.6993,117.0676
6721,-20.7108,118.4417
6722,-20.4079,118.6067
6723,-20.2103,119.7275
6725,-18.7734,122.7538
6726,-17.9502,122.1964
6728,-17.0906,124.592
6731,-16.0986,123.6105
6733,-16.1349,123.754
6740,-14.9627,128.3972
6743,-17.2935,129.662
6751,-22.1413,117.0578
6753,-23.346,120.8094
6754,-23.3038,117.4766
6758,-22.0556,120.2823
6760,-22.0266,124.3839
6761,-20.4036,120.47
6762,-21.7122,122.2248
6765,-18.7528,125.2821
6770,-18.7055,127.3208
6798,-10.4871,105.6407
6799,-12.1697,96.8315
6800,-31.9921,115.7632
6803,-31.9393,115.8691
6809,-31.9921,115.7632
6817,-31.9921,115.7632
6820,-31.9921,115.7632
6827,-31.9921,115.7632
6830,-31.9921,115.7632
6831,-31.955,115.8575
6832,-31.9582,115.8667
6837,-31.9921,115.7632
6838,-31.9921,115.7632
6839,-31.9921,115.7632
6840,-31.9921,115.7632
6841,-31.9921,115.7632
6842,-31.9921,115.7632
6843,-31.9921,115.7632
6844,-31.9921,115.7632
6845,-31.9921,115.7632
6846,-31.9921,115.7632
6847,-31.9921,115.7632
6848,-31.9921,115.7632
6849,-31.9488,115.864
6850,-33.6634,115.3329
6865,-31.9393,115.8691
6872,-31.9432,115.8764
6892,-31.7771,115.8179
6900,-31.9357,115.8343
6901,-31.9445,115.8759
6902,-31.9357,115.8343
6903,-31.9357,115.8343
6904,-31.9437,115.8346
6905,-27.6728,121.628
6906,-31.982,115.761
6907,-31.9858,115.8047
6909,-31.9858,115.8047
6910,-31.9815,115.7745
6911,-32.4034,115.762
6912,-32.0117,115.7631
6913,-31.9364,115.8082
6914,-31.8616,115.8152
6915,-31.9541,115.8483
6916,-31.8859,115.8048
6917,-31.8859,115.8048
6918,-31.892,115.7868
6919,-31.7633,115.7564
6920,-31.8594,115.7754
6921,-31.8823,115.7919
6922,-31.9014,115.795
6923,-31.7958,115.7544
6924,-32.5598,115.7973
6925,-32.109,116.2083
6926,-31.939,116.0125
6929,-31.9541,115.8483
6931,-31.9381,115.8996
6932,-31.9232,115.8828
6933,-31.9072,115.8965
6934,-31.9151,115.9211
6935,-31.9237,115.9211
6936,-31.8918,116.013
6937,-31.8967,115.8468
6938,-31.8967,115.8468
6939,-31.8967,115.8468
6940,-31.8967,115.8468
6941,-31.842,115.8552
6942,-31.9018,115.9426
6943,-31.8879,115.8929
6944,-31.8649,115.8955
6945,-31.8556,115.893
6946,-31.6176,115.7151
6947,-31.6944,115.8453
6951,-32.0687,115.8217
6952,-31.8917,115.8179
6953,-32.0244,115.8375
6954,-32.0401,115.826
6955,-32.0615,115.8908
6956,-31.9881,115.8536
6957,-32.0382,115.7837
6959,-32.0671,115.9864
6960,-32.04,115.816
6961,-32.0382,115.7837
6963,-32.0769,115.7887
6964,-32.0227,115.8602
6965,-32.0848,115.7987
6966,-32.1432,115.8598
6967,-32.282,115.7577
6968,-32.1078,115.7827
6969,-32.264,115.7451
6970,-32.0615,115.8908
6979,-31.9546,115.8962
6980,-32.0177,115.9671
6981,-31.9518,115.877
6982,-31.8698,116.1691
6983,-32.0056,115.9044
6984,-31.9658,115.9335
6985,-33.6253,115.6002
6986,-31.9921,115.9456
6987,-32.0177,115.9671
6988,-32.05,115.9648
6989,-32.0396,116.0096
6990,-32.0604,116.0085
6991,-32.0979,116.096
6992,-31.9645,115.9204
6997,-32.0979,116.096
7000,-42.8784,147.308
7001,-43.5359,146.3561
7002,-42.8997,147.4463
7004,-42.8901,147.3289
7005,-42.9162,147.3368
7006,-42.9081,147.3444
7007,-42.9229,147.3195
7008,-42.8619,147.2933
7009,-42.8426,147.2897
7010,-42.8591,147.2124
7011,-42.7934,147.2301
7012,-42.8337,147.1744
7015,-42.839,147.3602
7016,-42.8136,147.3464
7017,-42.7193,147.3151
7018,-42.8776,147.3857
7019,-42.8988,147.4333
7020,-42.9657,147.4785
7021,-42.9068,147.48
7022,-43.0532,147.4799
7023,-42.9883,147.4093
7024,-42.9504,147.5122
7025,-42.7303,147.4397
7026,-42.646,147.4514
7027,-42.5364,147.3835
7030,-42.3043,146.9584
7050,-42.9755,147.2982
7051,-42.9874,147.3272
7052,-43.0081,147.3093
7053,-42.9473,147.3347
7054,-43.0066,147.2567
7055,-42.9947,147.2852
7109,-43.5711,146.5241
7112,-43.2919,147.14
7113,-43.0911,146.9705
7116,-43.2621,147.0344
7117,-43.3384,147.0401
7119,-42.4319,147.3654
7120,-42.3169,147.4873
7139,-42.7155,145.9253
7140,-42.5442,146.455
7150,-43.0776,147.9584
7151,-41.5187,146.6427
7155,-43.1289,147.2169
7162,-43.1587,147.2096
7163,-43.2098,147.2275
7170,-42.8513,147.4498
7171,-42.7801,147.4883
7172,-42.7303,147.6317
7173,-42.8236,147.6307
7174,-42.8077,147.7433
7175,-42.8186,147.8286
7176,-42.7531,147.8377
7177,-42.8842,147.9765
7178,-42.9585,147.9062
7179,-43.0338,147.945
7180,-43.1387,148.0066
7182,-43.1818,147.9388
7183,-43.1712,147.7506
7184,-43.2198,147.7904
7185,-43.0629,147.7538
7186,-43.0295,147.664
7187,-43.0277,147.848
7190,-42.6299,148.0917
7209,-42.1046,147.6143
7210,-41.9159,147.4107
7211,-41.7886,147.3171
7212,-41.5679,147.4884
7213,-41.8285,147.7816
7214,-41.6007,147.8974
7215,-42.3145,148.2814
7216,-41.2842,148.0764
7248,-41.3972,147.1302
7249,-41.4724,147.1578
7250,-41.4323,147.0776
7252,-41.148,146.9925
7253,-41.1174,146.8307
7254,-41.1341,147.198
7255,-39.9494,148.3292
7256,-39.8309,144.1598
7257,-40.506,148.339
7258,-41.4999,147.2094
7259,-41.3588,147.3577
7260,-41.1588,147.5021
7261,-41.1269,147.5678
7262,-40.8015,147.63
7263,-41.3088,147.7027
7264,-41.0824,148.1888
7265,-41.0811,147.8234
7267,-41.2649,147.0864
7268,-41.3339,147.1528
7270,-41.1779,146.7839
7275,-41.3199,146.8353
7276,-41.2931,146.972
7277,-41.3664,146.997
7290,-41.5125,147.0686
7291,-41.5306,147.0136
7292,-41.4721,146.9447
7300,-41.6162,147.2232
7301,-41.6001,147.0465
7302,-41.7046,146.9883
7303,-41.5949,146.8151
7304,-41.7104,146.166
7305,-41.3523,146.4121
7306,-41.4653,146.1934
7307,-41.2105,146.5736
7310,-41.2374,146.2394
7315,-41.3032,146.0724
7316,-41.2697,145.9318
7320,-41.0842,145.8621
7321,-41.4564,145.5037
7322,-41.0445,145.8045
7325,-41.1003,145.6076
7330,-40.7823,145.0576
7331,-40.7586,145.2754
7466,-42.2913,145.8075
7467,-42.0937,145.5297
7468,-42.706,145.5377
7469,-41.7844,145.2016
7470,-41.9021,145.5006
8001,-37.8144,144.9826
8002,-37.8144,144.9826
8003,-37.8183,144.957
8004,-36.5588,145.469
8005,-37.8246,144.9509
8006,-37.8097,144.9593
8007,-37.8183,144.957
8008,-37.8442,144.9702
8009,-37.8172,144.9645
8010,-38.1859,146.2937
8011,-37.8113,144.9617
8012,-37.8147,144.948
8045,-37.8144,144.9826
8051,-37.8144,144.9826
8066,-37.8144,144.9826
8069,-37.8144,144.9826
8070,-37.8144,144.9826
8071,-37.8144,144.9826
8102,-37.8144,144.9826
8107,-37.8144,144.9826
8111,-37.8144,144.9826
8120,-37.8144,144.9826
8205,-37.8144,144.9826
8383,-37.8144,144.9826
8438,-37.7981,144.8111
8511,-37.7981,144.8111
8785,-38.0161,145.2085
9000,-27.6035,152.8231
9001,-27.6035,152.8231
9002,-27.6035,152.8231
9005,-27.6035,152.8231
9007,-27.6035,152.8231
9009,-27.6035,152.8231
9010,-27.6035,152.8231
9013,-27.6035,152.8231
9015,-27.6035,152.8231
9464,-27.3971,153.075
9726,-28.0088,153.4122
9999,-37.8174,144.9568
